CREATE DATABASE  IF NOT EXISTS `innovation_db` /*!40100 DEFAULT CHARACTER SET utf8 */;
USE `innovation_db`;
-- MySQL dump 10.13  Distrib 5.7.20, for Linux (x86_64)
--
-- Host: localhost    Database: innovation_db
-- ------------------------------------------------------
-- Server version	5.7.21-0ubuntu0.17.10.1

/*!40101 SET @OLD_CHARACTER_SET_CLIENT=@@CHARACTER_SET_CLIENT */;
/*!40101 SET @OLD_CHARACTER_SET_RESULTS=@@CHARACTER_SET_RESULTS */;
/*!40101 SET @OLD_COLLATION_CONNECTION=@@COLLATION_CONNECTION */;
/*!40101 SET NAMES utf8 */;
/*!40103 SET @OLD_TIME_ZONE=@@TIME_ZONE */;
/*!40103 SET TIME_ZONE='+00:00' */;
/*!40014 SET @OLD_UNIQUE_CHECKS=@@UNIQUE_CHECKS, UNIQUE_CHECKS=0 */;
/*!40014 SET @OLD_FOREIGN_KEY_CHECKS=@@FOREIGN_KEY_CHECKS, FOREIGN_KEY_CHECKS=0 */;
/*!40101 SET @OLD_SQL_MODE=@@SQL_MODE, SQL_MODE='NO_AUTO_VALUE_ON_ZERO' */;
/*!40111 SET @OLD_SQL_NOTES=@@SQL_NOTES, SQL_NOTES=0 */;

--
-- Table structure for table `academy`
--

DROP TABLE IF EXISTS `academy`;
/*!40101 SET @saved_cs_client     = @@character_set_client */;
/*!40101 SET character_set_client = utf8 */;
CREATE TABLE `academy` (
  `academy` varchar(20) NOT NULL,
  `status` varchar(20) NOT NULL DEFAULT '可用',
  PRIMARY KEY (`academy`)
) ENGINE=InnoDB DEFAULT CHARSET=utf8;
/*!40101 SET character_set_client = @saved_cs_client */;

--
-- Dumping data for table `academy`
--

LOCK TABLES `academy` WRITE;
/*!40000 ALTER TABLE `academy` DISABLE KEYS */;
INSERT INTO `academy` VALUES ('人文学院','可用'),('体育与健康学院','可用'),('医学院','可用'),('外国语学院','可用'),('政治与社会学院','可用'),('教育学院','可用'),('文化创意学院','可用'),('材料与化学化工学院','可用'),('杭州国际服务工程学院','可用'),('沈钧儒法学院','可用'),('沈钧儒法学院1','不可用'),('理学院','可用'),('生命与环境科学学院','可用'),('经亨颐学院','可用'),('经济与管理学院','可用'),('美术学院','可用'),('阿里巴巴商学院','可用');
/*!40000 ALTER TABLE `academy` ENABLE KEYS */;
UNLOCK TABLES;

--
-- Table structure for table `award`
--

DROP TABLE IF EXISTS `award`;
/*!40101 SET @saved_cs_client     = @@character_set_client */;
/*!40101 SET character_set_client = utf8 */;
CREATE TABLE `award` (
  `award_id` varchar(45) NOT NULL,
  `award_time` date DEFAULT NULL,
  `award_name` varchar(120) DEFAULT NULL,
  `award_identity` varchar(50) DEFAULT NULL,
  `award_level` varchar(50) DEFAULT NULL,
  PRIMARY KEY (`award_id`)
) ENGINE=InnoDB DEFAULT CHARSET=utf8;
/*!40101 SET character_set_client = @saved_cs_client */;

--
-- Dumping data for table `award`
--

LOCK TABLES `award` WRITE;
/*!40000 ALTER TABLE `award` DISABLE KEYS */;
INSERT INTO `award` VALUES ('201805010001','2018-05-01','服务外包大赛','国赛','一等奖'),('201805010002','2018-05-01','服务外包大赛','国赛','二等奖'),('201805010003','2018-05-01','服务外包大赛','国赛','三等奖'),('201805010004','2018-05-01','服务外包大赛','省赛','一等奖'),('201805010005','2018-05-01','服务外包大赛','省赛','二等奖'),('201805010006','2018-05-01','服务外包大赛','省赛','三等奖');
/*!40000 ALTER TABLE `award` ENABLE KEYS */;
UNLOCK TABLES;

--
-- Table structure for table `award_identity`
--

DROP TABLE IF EXISTS `award_identity`;
/*!40101 SET @saved_cs_client     = @@character_set_client */;
/*!40101 SET character_set_client = utf8 */;
CREATE TABLE `award_identity` (
  `identity_name` varchar(50) NOT NULL,
  PRIMARY KEY (`identity_name`)
) ENGINE=InnoDB DEFAULT CHARSET=utf8;
/*!40101 SET character_set_client = @saved_cs_client */;

--
-- Dumping data for table `award_identity`
--

LOCK TABLES `award_identity` WRITE;
/*!40000 ALTER TABLE `award_identity` DISABLE KEYS */;
INSERT INTO `award_identity` VALUES ('国家级'),('省级');
/*!40000 ALTER TABLE `award_identity` ENABLE KEYS */;
UNLOCK TABLES;

--
-- Table structure for table `award_level`
--

DROP TABLE IF EXISTS `award_level`;
/*!40101 SET @saved_cs_client     = @@character_set_client */;
/*!40101 SET character_set_client = utf8 */;
CREATE TABLE `award_level` (
  `level_name` varchar(50) NOT NULL,
  PRIMARY KEY (`level_name`)
) ENGINE=InnoDB DEFAULT CHARSET=utf8;
/*!40101 SET character_set_client = @saved_cs_client */;

--
-- Dumping data for table `award_level`
--

LOCK TABLES `award_level` WRITE;
/*!40000 ALTER TABLE `award_level` DISABLE KEYS */;
/*!40000 ALTER TABLE `award_level` ENABLE KEYS */;
UNLOCK TABLES;

--
-- Table structure for table `award_name`
--

DROP TABLE IF EXISTS `award_name`;
/*!40101 SET @saved_cs_client     = @@character_set_client */;
/*!40101 SET character_set_client = utf8 */;
CREATE TABLE `award_name` (
  `award_id` varchar(20) NOT NULL,
  `award_name` varchar(50) NOT NULL COMMENT '奖项名称表：服务外包大赛、创新创业大赛等名称',
  PRIMARY KEY (`award_id`)
) ENGINE=InnoDB DEFAULT CHARSET=utf8;
/*!40101 SET character_set_client = @saved_cs_client */;

--
-- Dumping data for table `award_name`
--

LOCK TABLES `award_name` WRITE;
/*!40000 ALTER TABLE `award_name` DISABLE KEYS */;
/*!40000 ALTER TABLE `award_name` ENABLE KEYS */;
UNLOCK TABLES;

--
-- Table structure for table `award_project`
--

DROP TABLE IF EXISTS `award_project`;
/*!40101 SET @saved_cs_client     = @@character_set_client */;
/*!40101 SET character_set_client = utf8 */;
CREATE TABLE `award_project` (
  `award_name` varchar(50) NOT NULL,
  `award_identity` varchar(50) NOT NULL,
  `award_level` varchar(50) NOT NULL,
  `award_time` date NOT NULL,
  `dependent_unit_id` varchar(20) NOT NULL,
  PRIMARY KEY (`award_name`,`award_identity`,`award_level`,`award_time`,`dependent_unit_id`)
) ENGINE=InnoDB DEFAULT CHARSET=utf8;
/*!40101 SET character_set_client = @saved_cs_client */;

--
-- Dumping data for table `award_project`
--

LOCK TABLES `award_project` WRITE;
/*!40000 ALTER TABLE `award_project` DISABLE KEYS */;
/*!40000 ALTER TABLE `award_project` ENABLE KEYS */;
UNLOCK TABLES;

--
-- Table structure for table `award_user`
--

DROP TABLE IF EXISTS `award_user`;
/*!40101 SET @saved_cs_client     = @@character_set_client */;
/*!40101 SET character_set_client = utf8 */;
CREATE TABLE `award_user` (
  `award_id` varchar(50) NOT NULL,
  `user_id` varchar(20) NOT NULL,
  `award_project` varchar(20) DEFAULT NULL COMMENT '如果以项目形式获奖则记录项目Id，如果一个人形式获奖则为null',
  PRIMARY KEY (`award_id`,`user_id`)
) ENGINE=InnoDB DEFAULT CHARSET=utf8;
/*!40101 SET character_set_client = @saved_cs_client */;

--
-- Dumping data for table `award_user`
--

LOCK TABLES `award_user` WRITE;
/*!40000 ALTER TABLE `award_user` DISABLE KEYS */;
INSERT INTO `award_user` VALUES ('201805010001','2015210405043','1231'),('201805010005','2015210405042',NULL);
/*!40000 ALTER TABLE `award_user` ENABLE KEYS */;
UNLOCK TABLES;

--
-- Table structure for table `class_table`
--

DROP TABLE IF EXISTS `class_table`;
/*!40101 SET @saved_cs_client     = @@character_set_client */;
/*!40101 SET character_set_client = utf8 */;
CREATE TABLE `class_table` (
  `major` varchar(20) NOT NULL,
  `_class` varchar(20) NOT NULL,
  PRIMARY KEY (`major`,`_class`)
) ENGINE=InnoDB DEFAULT CHARSET=utf8;
/*!40101 SET character_set_client = @saved_cs_client */;

--
-- Dumping data for table `class_table`
--

LOCK TABLES `class_table` WRITE;
/*!40000 ALTER TABLE `class_table` DISABLE KEYS */;
INSERT INTO `class_table` VALUES ('临床医学','141'),('临床医学','142'),('临床医学','151'),('临床医学','152'),('临床医学','153'),('临床医学','161'),('临床医学','162'),('临床医学','163'),('临床医学','164'),('临床医学','165'),('临床医学','171'),('临床医学','172'),('临床医学','173'),('临床医学','174'),('临床医学','175'),('临床医学','176'),('书法学','141'),('书法学','142'),('书法学','151'),('书法学','152'),('书法学','153'),('书法学','161'),('书法学','162'),('书法学','163'),('书法学','164'),('书法学','165'),('书法学','171'),('书法学','172'),('书法学','173'),('书法学','174'),('书法学','175'),('书法学','176'),('人文教育（师范）','141'),('人文教育（师范）','142'),('人文教育（师范）','151'),('人文教育（师范）','152'),('人文教育（师范）','153'),('人文教育（师范）','161'),('人文教育（师范）','162'),('人文教育（师范）','163'),('人文教育（师范）','164'),('人文教育（师范）','165'),('人文教育（师范）','171'),('人文教育（师范）','172'),('人文教育（师范）','173'),('人文教育（师范）','174'),('人文教育（师范）','175'),('人文教育（师范）','176'),('休闲体育','141'),('休闲体育','142'),('休闲体育','151'),('休闲体育','152'),('休闲体育','153'),('休闲体育','161'),('休闲体育','162'),('休闲体育','163'),('休闲体育','164'),('休闲体育','165'),('休闲体育','171'),('休闲体育','172'),('休闲体育','173'),('休闲体育','174'),('休闲体育','175'),('休闲体育','176'),('会展经济与管理','141'),('会展经济与管理','142'),('会展经济与管理','151'),('会展经济与管理','152'),('会展经济与管理','153'),('会展经济与管理','161'),('会展经济与管理','162'),('会展经济与管理','163'),('会展经济与管理','164'),('会展经济与管理','165'),('会展经济与管理','171'),('会展经济与管理','172'),('会展经济与管理','173'),('会展经济与管理','174'),('会展经济与管理','175'),('会展经济与管理','176'),('体育教育（师范）','141'),('体育教育（师范）','142'),('体育教育（师范）','151'),('体育教育（师范）','152'),('体育教育（师范）','153'),('体育教育（师范）','161'),('体育教育（师范）','162'),('体育教育（师范）','163'),('体育教育（师范）','164'),('体育教育（师范）','165'),('体育教育（师范）','171'),('体育教育（师范）','172'),('体育教育（师范）','173'),('体育教育（师范）','174'),('体育教育（师范）','175'),('体育教育（师范）','176'),('信息与计算科学','141'),('信息与计算科学','142'),('信息与计算科学','151'),('信息与计算科学','152'),('信息与计算科学','153'),('信息与计算科学','161'),('信息与计算科学','162'),('信息与计算科学','163'),('信息与计算科学','164'),('信息与计算科学','165'),('信息与计算科学','171'),('信息与计算科学','172'),('信息与计算科学','173'),('信息与计算科学','174'),('信息与计算科学','175'),('信息与计算科学','176'),('公共事业管理（健康管理方向）','141'),('公共事业管理（健康管理方向）','142'),('公共事业管理（健康管理方向）','151'),('公共事业管理（健康管理方向）','152'),('公共事业管理（健康管理方向）','153'),('公共事业管理（健康管理方向）','161'),('公共事业管理（健康管理方向）','162'),('公共事业管理（健康管理方向）','163'),('公共事业管理（健康管理方向）','164'),('公共事业管理（健康管理方向）','165'),('公共事业管理（健康管理方向）','171'),('公共事业管理（健康管理方向）','172'),('公共事业管理（健康管理方向）','173'),('公共事业管理（健康管理方向）','174'),('公共事业管理（健康管理方向）','175'),('公共事业管理（健康管理方向）','176'),('公共事业管理（卫生事业管理方向）','141'),('公共事业管理（卫生事业管理方向）','142'),('公共事业管理（卫生事业管理方向）','151'),('公共事业管理（卫生事业管理方向）','152'),('公共事业管理（卫生事业管理方向）','153'),('公共事业管理（卫生事业管理方向）','161'),('公共事业管理（卫生事业管理方向）','162'),('公共事业管理（卫生事业管理方向）','163'),('公共事业管理（卫生事业管理方向）','164'),('公共事业管理（卫生事业管理方向）','165'),('公共事业管理（卫生事业管理方向）','171'),('公共事业管理（卫生事业管理方向）','172'),('公共事业管理（卫生事业管理方向）','173'),('公共事业管理（卫生事业管理方向）','174'),('公共事业管理（卫生事业管理方向）','175'),('公共事业管理（卫生事业管理方向）','176'),('公共艺术','141'),('公共艺术','142'),('公共艺术','151'),('公共艺术','152'),('公共艺术','153'),('公共艺术','161'),('公共艺术','162'),('公共艺术','163'),('公共艺术','164'),('公共艺术','165'),('公共艺术','171'),('公共艺术','172'),('公共艺术','173'),('公共艺术','174'),('公共艺术','175'),('公共艺术','176'),('制药工程','141'),('制药工程','142'),('制药工程','151'),('制药工程','152'),('制药工程','153'),('制药工程','161'),('制药工程','162'),('制药工程','163'),('制药工程','164'),('制药工程','165'),('制药工程','171'),('制药工程','172'),('制药工程','173'),('制药工程','174'),('制药工程','175'),('制药工程','176'),('动画','141'),('动画','142'),('动画','151'),('动画','152'),('动画','153'),('动画','161'),('动画','162'),('动画','163'),('动画','164'),('动画','165'),('动画','171'),('动画','172'),('动画','173'),('动画','174'),('动画','175'),('动画','176'),('化学专业（实验班）','141'),('化学专业（实验班）','142'),('化学专业（实验班）','151'),('化学专业（实验班）','152'),('化学专业（实验班）','153'),('化学专业（实验班）','161'),('化学专业（实验班）','162'),('化学专业（实验班）','163'),('化学专业（实验班）','164'),('化学专业（实验班）','165'),('化学专业（实验班）','171'),('化学专业（实验班）','172'),('化学专业（实验班）','173'),('化学专业（实验班）','174'),('化学专业（实验班）','175'),('化学专业（实验班）','176'),('化学（师范）','141'),('化学（师范）','142'),('化学（师范）','151'),('化学（师范）','152'),('化学（师范）','153'),('化学（师范）','161'),('化学（师范）','162'),('化学（师范）','163'),('化学（师范）','164'),('化学（师范）','165'),('化学（师范）','171'),('化学（师范）','172'),('化学（师范）','173'),('化学（师范）','174'),('化学（师范）','175'),('化学（师范）','176'),('历史学（师范）','141'),('历史学（师范）','142'),('历史学（师范）','151'),('历史学（师范）','152'),('历史学（师范）','153'),('历史学（师范）','161'),('历史学（师范）','162'),('历史学（师范）','163'),('历史学（师范）','164'),('历史学（师范）','165'),('历史学（师范）','171'),('历史学（师范）','172'),('历史学（师范）','173'),('历史学（师范）','174'),('历史学（师范）','175'),('历史学（师范）','176'),('口腔医学','141'),('口腔医学','142'),('口腔医学','151'),('口腔医学','152'),('口腔医学','153'),('口腔医学','161'),('口腔医学','162'),('口腔医学','163'),('口腔医学','164'),('口腔医学','165'),('口腔医学','171'),('口腔医学','172'),('口腔医学','173'),('口腔医学','174'),('口腔医学','175'),('口腔医学','176'),('国际商务','141'),('国际商务','142'),('国际商务','151'),('国际商务','152'),('国际商务','153'),('国际商务','161'),('国际商务','162'),('国际商务','163'),('国际商务','164'),('国际商务','165'),('国际商务','171'),('国际商务','172'),('国际商务','173'),('国际商务','174'),('国际商务','175'),('国际商务','176'),('地理信息科学','141'),('地理信息科学','142'),('地理信息科学','151'),('地理信息科学','152'),('地理信息科学','153'),('地理信息科学','161'),('地理信息科学','162'),('地理信息科学','163'),('地理信息科学','164'),('地理信息科学','165'),('地理信息科学','171'),('地理信息科学','172'),('地理信息科学','173'),('地理信息科学','174'),('地理信息科学','175'),('地理信息科学','176'),('学前教育（师范）','141'),('学前教育（师范）','142'),('学前教育（师范）','151'),('学前教育（师范）','152'),('学前教育（师范）','153'),('学前教育（师范）','161'),('学前教育（师范）','162'),('学前教育（师范）','163'),('学前教育（师范）','164'),('学前教育（师范）','165'),('学前教育（师范）','171'),('学前教育（师范）','172'),('学前教育（师范）','173'),('学前教育（师范）','174'),('学前教育（师范）','175'),('学前教育（师范）','176'),('学前教育（师范）（专升本）','141'),('学前教育（师范）（专升本）','142'),('学前教育（师范）（专升本）','151'),('学前教育（师范）（专升本）','152'),('学前教育（师范）（专升本）','153'),('学前教育（师范）（专升本）','161'),('学前教育（师范）（专升本）','162'),('学前教育（师范）（专升本）','163'),('学前教育（师范）（专升本）','164'),('学前教育（师范）（专升本）','165'),('学前教育（师范）（专升本）','171'),('学前教育（师范）（专升本）','172'),('学前教育（师范）（专升本）','173'),('学前教育（师范）（专升本）','174'),('学前教育（师范）（专升本）','175'),('学前教育（师范）（专升本）','176'),('小学教育（师范）','141'),('小学教育（师范）','142'),('小学教育（师范）','151'),('小学教育（师范）','152'),('小学教育（师范）','153'),('小学教育（师范）','161'),('小学教育（师范）','162'),('小学教育（师范）','163'),('小学教育（师范）','164'),('小学教育（师范）','165'),('小学教育（师范）','171'),('小学教育（师范）','172'),('小学教育（师范）','173'),('小学教育（师范）','174'),('小学教育（师范）','175'),('小学教育（师范）','176'),('市场营销（网络营销方向）','141'),('市场营销（网络营销方向）','142'),('市场营销（网络营销方向）','151'),('市场营销（网络营销方向）','152'),('市场营销（网络营销方向）','153'),('市场营销（网络营销方向）','161'),('市场营销（网络营销方向）','162'),('市场营销（网络营销方向）','163'),('市场营销（网络营销方向）','164'),('市场营销（网络营销方向）','165'),('市场营销（网络营销方向）','171'),('市场营销（网络营销方向）','172'),('市场营销（网络营销方向）','173'),('市场营销（网络营销方向）','174'),('市场营销（网络营销方向）','175'),('市场营销（网络营销方向）','176'),('应用化学','141'),('应用化学','142'),('应用化学','151'),('应用化学','152'),('应用化学','153'),('应用化学','161'),('应用化学','162'),('应用化学','163'),('应用化学','164'),('应用化学','165'),('应用化学','171'),('应用化学','172'),('应用化学','173'),('应用化学','174'),('应用化学','175'),('应用化学','176'),('应用化学（专升本）','141'),('应用化学（专升本）','142'),('应用化学（专升本）','151'),('应用化学（专升本）','152'),('应用化学（专升本）','153'),('应用化学（专升本）','161'),('应用化学（专升本）','162'),('应用化学（专升本）','163'),('应用化学（专升本）','164'),('应用化学（专升本）','165'),('应用化学（专升本）','171'),('应用化学（专升本）','172'),('应用化学（专升本）','173'),('应用化学（专升本）','174'),('应用化学（专升本）','175'),('应用化学（专升本）','176'),('应用心理学','141'),('应用心理学','142'),('应用心理学','151'),('应用心理学','152'),('应用心理学','153'),('应用心理学','161'),('应用心理学','162'),('应用心理学','163'),('应用心理学','164'),('应用心理学','165'),('应用心理学','171'),('应用心理学','172'),('应用心理学','173'),('应用心理学','174'),('应用心理学','175'),('应用心理学','176'),('应用物理学（专升本）','141'),('应用物理学（专升本）','142'),('应用物理学（专升本）','151'),('应用物理学（专升本）','152'),('应用物理学（专升本）','153'),('应用物理学（专升本）','161'),('应用物理学（专升本）','162'),('应用物理学（专升本）','163'),('应用物理学（专升本）','164'),('应用物理学（专升本）','165'),('应用物理学（专升本）','171'),('应用物理学（专升本）','172'),('应用物理学（专升本）','173'),('应用物理学（专升本）','174'),('应用物理学（专升本）','175'),('应用物理学（专升本）','176'),('应用统计学','141'),('应用统计学','142'),('应用统计学','151'),('应用统计学','152'),('应用统计学','153'),('应用统计学','161'),('应用统计学','162'),('应用统计学','163'),('应用统计学','164'),('应用统计学','165'),('应用统计学','171'),('应用统计学','172'),('应用统计学','173'),('应用统计学','174'),('应用统计学','175'),('应用统计学','176'),('思想政治教育（师范）','141'),('思想政治教育（师范）','142'),('思想政治教育（师范）','151'),('思想政治教育（师范）','152'),('思想政治教育（师范）','153'),('思想政治教育（师范）','161'),('思想政治教育（师范）','162'),('思想政治教育（师范）','163'),('思想政治教育（师范）','164'),('思想政治教育（师范）','165'),('思想政治教育（师范）','171'),('思想政治教育（师范）','172'),('思想政治教育（师范）','173'),('思想政治教育（师范）','174'),('思想政治教育（师范）','175'),('思想政治教育（师范）','176'),('护理学','141'),('护理学','142'),('护理学','151'),('护理学','152'),('护理学','153'),('护理学','161'),('护理学','162'),('护理学','163'),('护理学','164'),('护理学','165'),('护理学','171'),('护理学','172'),('护理学','173'),('护理学','174'),('护理学','175'),('护理学','176'),('教育技术学（师范）','141'),('教育技术学（师范）','142'),('教育技术学（师范）','151'),('教育技术学（师范）','152'),('教育技术学（师范）','153'),('教育技术学（师范）','161'),('教育技术学（师范）','162'),('教育技术学（师范）','163'),('教育技术学（师范）','164'),('教育技术学（师范）','165'),('教育技术学（师范）','171'),('教育技术学（师范）','172'),('教育技术学（师范）','173'),('教育技术学（师范）','174'),('教育技术学（师范）','175'),('教育技术学（师范）','176'),('数字媒体艺术','141'),('数字媒体艺术','142'),('数字媒体艺术','151'),('数字媒体艺术','152'),('数字媒体艺术','153'),('数字媒体艺术','161'),('数字媒体艺术','162'),('数字媒体艺术','163'),('数字媒体艺术','164'),('数字媒体艺术','165'),('数字媒体艺术','171'),('数字媒体艺术','172'),('数字媒体艺术','173'),('数字媒体艺术','174'),('数字媒体艺术','175'),('数字媒体艺术','176'),('数学与应用数学（师范）','141'),('数学与应用数学（师范）','142'),('数学与应用数学（师范）','151'),('数学与应用数学（师范）','152'),('数学与应用数学（师范）','153'),('数学与应用数学（师范）','161'),('数学与应用数学（师范）','162'),('数学与应用数学（师范）','163'),('数学与应用数学（师范）','164'),('数学与应用数学（师范）','165'),('数学与应用数学（师范）','171'),('数学与应用数学（师范）','172'),('数学与应用数学（师范）','173'),('数学与应用数学（师范）','174'),('数学与应用数学（师范）','175'),('数学与应用数学（师范）','176'),('文化产业管理','141'),('文化产业管理','142'),('文化产业管理','151'),('文化产业管理','152'),('文化产业管理','153'),('文化产业管理','161'),('文化产业管理','162'),('文化产业管理','163'),('文化产业管理','164'),('文化产业管理','165'),('文化产业管理','171'),('文化产业管理','172'),('文化产业管理','173'),('文化产业管理','174'),('文化产业管理','175'),('文化产业管理','176'),('文科实验班','141'),('文科实验班','142'),('文科实验班','151'),('文科实验班','152'),('文科实验班','153'),('文科实验班','161'),('文科实验班','162'),('文科实验班','163'),('文科实验班','164'),('文科实验班','165'),('文科实验班','171'),('文科实验班','172'),('文科实验班','173'),('文科实验班','174'),('文科实验班','175'),('文科实验班','176'),('旅游管理','141'),('旅游管理','142'),('旅游管理','151'),('旅游管理','152'),('旅游管理','153'),('旅游管理','161'),('旅游管理','162'),('旅游管理','163'),('旅游管理','164'),('旅游管理','165'),('旅游管理','171'),('旅游管理','172'),('旅游管理','173'),('旅游管理','174'),('旅游管理','175'),('旅游管理','176'),('旅游管理（专升本）','141'),('旅游管理（专升本）','142'),('旅游管理（专升本）','151'),('旅游管理（专升本）','152'),('旅游管理（专升本）','153'),('旅游管理（专升本）','161'),('旅游管理（专升本）','162'),('旅游管理（专升本）','163'),('旅游管理（专升本）','164'),('旅游管理（专升本）','165'),('旅游管理（专升本）','171'),('旅游管理（专升本）','172'),('旅游管理（专升本）','173'),('旅游管理（专升本）','174'),('旅游管理（专升本）','175'),('旅游管理（专升本）','176'),('日语','141'),('日语','142'),('日语','151'),('日语','152'),('日语','153'),('日语','161'),('日语','162'),('日语','163'),('日语','164'),('日语','165'),('日语','171'),('日语','172'),('日语','173'),('日语','174'),('日语','175'),('日语','176'),('朝鲜语','141'),('朝鲜语','142'),('朝鲜语','151'),('朝鲜语','152'),('朝鲜语','153'),('朝鲜语','161'),('朝鲜语','162'),('朝鲜语','163'),('朝鲜语','164'),('朝鲜语','165'),('朝鲜语','171'),('朝鲜语','172'),('朝鲜语','173'),('朝鲜语','174'),('朝鲜语','175'),('朝鲜语','176'),('武术与民族传统体育（师范）','141'),('武术与民族传统体育（师范）','142'),('武术与民族传统体育（师范）','151'),('武术与民族传统体育（师范）','152'),('武术与民族传统体育（师范）','153'),('武术与民族传统体育（师范）','161'),('武术与民族传统体育（师范）','162'),('武术与民族传统体育（师范）','163'),('武术与民族传统体育（师范）','164'),('武术与民族传统体育（师范）','165'),('武术与民族传统体育（师范）','171'),('武术与民族传统体育（师范）','172'),('武术与民族传统体育（师范）','173'),('武术与民族传统体育（师范）','174'),('武术与民族传统体育（师范）','175'),('武术与民族传统体育（师范）','176'),('汉语国际教育','141'),('汉语国际教育','142'),('汉语国际教育','151'),('汉语国际教育','152'),('汉语国际教育','153'),('汉语国际教育','161'),('汉语国际教育','162'),('汉语国际教育','163'),('汉语国际教育','164'),('汉语国际教育','165'),('汉语国际教育','171'),('汉语国际教育','172'),('汉语国际教育','173'),('汉语国际教育','174'),('汉语国际教育','175'),('汉语国际教育','176'),('汉语言文学','141'),('汉语言文学','142'),('汉语言文学','151'),('汉语言文学','152'),('汉语言文学','153'),('汉语言文学','161'),('汉语言文学','162'),('汉语言文学','163'),('汉语言文学','164'),('汉语言文学','165'),('汉语言文学','171'),('汉语言文学','172'),('汉语言文学','173'),('汉语言文学','174'),('汉语言文学','175'),('汉语言文学','176'),('汉语言文学（师范）','141'),('汉语言文学（师范）','142'),('汉语言文学（师范）','151'),('汉语言文学（师范）','152'),('汉语言文学（师范）','153'),('汉语言文学（师范）','161'),('汉语言文学（师范）','162'),('汉语言文学（师范）','163'),('汉语言文学（师范）','164'),('汉语言文学（师范）','165'),('汉语言文学（师范）','171'),('汉语言文学（师范）','172'),('汉语言文学（师范）','173'),('汉语言文学（师范）','174'),('汉语言文学（师范）','175'),('汉语言文学（师范）','176'),('汉语言文学（师范）（专升本）','141'),('汉语言文学（师范）（专升本）','142'),('汉语言文学（师范）（专升本）','151'),('汉语言文学（师范）（专升本）','152'),('汉语言文学（师范）（专升本）','153'),('汉语言文学（师范）（专升本）','161'),('汉语言文学（师范）（专升本）','162'),('汉语言文学（师范）（专升本）','163'),('汉语言文学（师范）（专升本）','164'),('汉语言文学（师范）（专升本）','165'),('汉语言文学（师范）（专升本）','171'),('汉语言文学（师范）（专升本）','172'),('汉语言文学（师范）（专升本）','173'),('汉语言文学（师范）（专升本）','174'),('汉语言文学（师范）（专升本）','175'),('汉语言文学（师范）（专升本）','176'),('法学','142'),('法学','151'),('法学','152'),('法学','153'),('法学','161'),('法学','162'),('法学','163'),('法学','164'),('法学','165'),('法学','171'),('法学','172'),('法学','173'),('法学','174'),('法学','175'),('法学','176'),('物流管理','141'),('物流管理','142'),('物流管理','151'),('物流管理','152'),('物流管理','153'),('物流管理','161'),('物流管理','162'),('物流管理','163'),('物流管理','164'),('物流管理','165'),('物流管理','171'),('物流管理','172'),('物流管理','173'),('物流管理','174'),('物流管理','175'),('物流管理','176'),('物理学（师范）','141'),('物理学（师范）','142'),('物理学（师范）','151'),('物理学（师范）','152'),('物理学（师范）','153'),('物理学（师范）','161'),('物理学（师范）','162'),('物理学（师范）','163'),('物理学（师范）','164'),('物理学（师范）','165'),('物理学（师范）','171'),('物理学（师范）','172'),('物理学（师范）','173'),('物理学（师范）','174'),('物理学（师范）','175'),('物理学（师范）','176'),('物联网工程','141'),('物联网工程','142'),('物联网工程','151'),('物联网工程','152'),('物联网工程','153'),('物联网工程','161'),('物联网工程','162'),('物联网工程','163'),('物联网工程','164'),('物联网工程','165'),('物联网工程','171'),('物联网工程','172'),('物联网工程','173'),('物联网工程','174'),('物联网工程','175'),('物联网工程','176'),('特殊教育（师范）','141'),('特殊教育（师范）','142'),('特殊教育（师范）','151'),('特殊教育（师范）','152'),('特殊教育（师范）','153'),('特殊教育（师范）','161'),('特殊教育（师范）','162'),('特殊教育（师范）','163'),('特殊教育（师范）','164'),('特殊教育（师范）','165'),('特殊教育（师范）','171'),('特殊教育（师范）','172'),('特殊教育（师范）','173'),('特殊教育（师范）','174'),('特殊教育（师范）','175'),('特殊教育（师范）','176'),('环境工程','141'),('环境工程','142'),('环境工程','151'),('环境工程','152'),('环境工程','153'),('环境工程','161'),('环境工程','162'),('环境工程','163'),('环境工程','164'),('环境工程','165'),('环境工程','171'),('环境工程','172'),('环境工程','173'),('环境工程','174'),('环境工程','175'),('环境工程','176'),('环境设计','141'),('环境设计','142'),('环境设计','151'),('环境设计','152'),('环境设计','153'),('环境设计','161'),('环境设计','162'),('环境设计','163'),('环境设计','164'),('环境设计','165'),('环境设计','171'),('环境设计','172'),('环境设计','173'),('环境设计','174'),('环境设计','175'),('环境设计','176'),('生物技术','141'),('生物技术','142'),('生物技术','151'),('生物技术','152'),('生物技术','153'),('生物技术','161'),('生物技术','162'),('生物技术','163'),('生物技术','164'),('生物技术','165'),('生物技术','171'),('生物技术','172'),('生物技术','173'),('生物技术','174'),('生物技术','175'),('生物技术','176'),('生物技术（专升本）','141'),('生物技术（专升本）','142'),('生物技术（专升本）','151'),('生物技术（专升本）','152'),('生物技术（专升本）','153'),('生物技术（专升本）','161'),('生物技术（专升本）','162'),('生物技术（专升本）','163'),('生物技术（专升本）','164'),('生物技术（专升本）','165'),('生物技术（专升本）','171'),('生物技术（专升本）','172'),('生物技术（专升本）','173'),('生物技术（专升本）','174'),('生物技术（专升本）','175'),('生物技术（专升本）','176'),('生物科学（师范）','141'),('生物科学（师范）','142'),('生物科学（师范）','151'),('生物科学（师范）','152'),('生物科学（师范）','153'),('生物科学（师范）','161'),('生物科学（师范）','162'),('生物科学（师范）','163'),('生物科学（师范）','164'),('生物科学（师范）','165'),('生物科学（师范）','171'),('生物科学（师范）','172'),('生物科学（师范）','173'),('生物科学（师范）','174'),('生物科学（师范）','175'),('生物科学（师范）','176'),('电子商务','141'),('电子商务','142'),('电子商务','151'),('电子商务','152'),('电子商务','153'),('电子商务','161'),('电子商务','162'),('电子商务','163'),('电子商务','164'),('电子商务','165'),('电子商务','171'),('电子商务','172'),('电子商务','173'),('电子商务','174'),('电子商务','175'),('电子商务','176'),('电子商务（新疆班）','141'),('电子商务（新疆班）','142'),('电子商务（新疆班）','151'),('电子商务（新疆班）','152'),('电子商务（新疆班）','153'),('电子商务（新疆班）','161'),('电子商务（新疆班）','162'),('电子商务（新疆班）','163'),('电子商务（新疆班）','164'),('电子商务（新疆班）','165'),('电子商务（新疆班）','171'),('电子商务（新疆班）','172'),('电子商务（新疆班）','173'),('电子商务（新疆班）','174'),('电子商务（新疆班）','175'),('电子商务（新疆班）','176'),('知识产权','141'),('知识产权','142'),('知识产权','151'),('知识产权','152'),('知识产权','153'),('知识产权','161'),('知识产权','162'),('知识产权','163'),('知识产权','164'),('知识产权','165'),('知识产权','171'),('知识产权','172'),('知识产权','173'),('知识产权','174'),('知识产权','175'),('知识产权','176'),('社会工作','141'),('社会工作','142'),('社会工作','151'),('社会工作','152'),('社会工作','153'),('社会工作','161'),('社会工作','162'),('社会工作','163'),('社会工作','164'),('社会工作','165'),('社会工作','171'),('社会工作','172'),('社会工作','173'),('社会工作','174'),('社会工作','175'),('社会工作','176'),('科学教育（师范）','141'),('科学教育（师范）','142'),('科学教育（师范）','151'),('科学教育（师范）','152'),('科学教育（师范）','153'),('科学教育（师范）','161'),('科学教育（师范）','162'),('科学教育（师范）','163'),('科学教育（师范）','164'),('科学教育（师范）','165'),('科学教育（师范）','171'),('科学教育（师范）','172'),('科学教育（师范）','173'),('科学教育（师范）','174'),('科学教育（师范）','175'),('科学教育（师范）','176'),('经济学','141'),('经济学','142'),('经济学','151'),('经济学','152'),('经济学','153'),('经济学','161'),('经济学','162'),('经济学','163'),('经济学','164'),('经济学','165'),('经济学','171'),('经济学','172'),('经济学','173'),('经济学','174'),('经济学','175'),('经济学','176'),('绘画','141'),('绘画','142'),('绘画','151'),('绘画','152'),('绘画','153'),('绘画','161'),('绘画','162'),('绘画','163'),('绘画','164'),('绘画','165'),('绘画','171'),('绘画','172'),('绘画','173'),('绘画','174'),('绘画','175'),('绘画','176'),('美术学（师范）','141'),('美术学（师范）','142'),('美术学（师范）','151'),('美术学（师范）','152'),('美术学（师范）','153'),('美术学（师范）','161'),('美术学（师范）','162'),('美术学（师范）','163'),('美术学（师范）','164'),('美术学（师范）','165'),('美术学（师范）','171'),('美术学（师范）','172'),('美术学（师范）','173'),('美术学（师范）','174'),('美术学（师范）','175'),('美术学（师范）','176'),('翻译','141'),('翻译','142'),('翻译','151'),('翻译','152'),('翻译','153'),('翻译','161'),('翻译','162'),('翻译','163'),('翻译','164'),('翻译','165'),('翻译','171'),('翻译','172'),('翻译','173'),('翻译','174'),('翻译','175'),('翻译','176'),('舞蹈学（师范）','141'),('舞蹈学（师范）','142'),('舞蹈学（师范）','151'),('舞蹈学（师范）','152'),('舞蹈学（师范）','153'),('舞蹈学（师范）','161'),('舞蹈学（师范）','162'),('舞蹈学（师范）','163'),('舞蹈学（师范）','164'),('舞蹈学（师范）','165'),('舞蹈学（师范）','171'),('舞蹈学（师范）','172'),('舞蹈学（师范）','173'),('舞蹈学（师范）','174'),('舞蹈学（师范）','175'),('舞蹈学（师范）','176'),('艺术教育（师范）（三位一体）','141'),('艺术教育（师范）（三位一体）','142'),('艺术教育（师范）（三位一体）','151'),('艺术教育（师范）（三位一体）','152'),('艺术教育（师范）（三位一体）','153'),('艺术教育（师范）（三位一体）','161'),('艺术教育（师范）（三位一体）','162'),('艺术教育（师范）（三位一体）','163'),('艺术教育（师范）（三位一体）','164'),('艺术教育（师范）（三位一体）','165'),('艺术教育（师范）（三位一体）','171'),('艺术教育（师范）（三位一体）','172'),('艺术教育（师范）（三位一体）','173'),('艺术教育（师范）（三位一体）','174'),('艺术教育（师范）（三位一体）','175'),('艺术教育（师范）（三位一体）','176'),('英语','141'),('英语','142'),('英语','151'),('英语','152'),('英语','153'),('英语','161'),('英语','162'),('英语','163'),('英语','164'),('英语','165'),('英语','171'),('英语','172'),('英语','173'),('英语','174'),('英语','175'),('英语','176'),('英语（实验班）专业','141'),('英语（实验班）专业','142'),('英语（实验班）专业','151'),('英语（实验班）专业','152'),('英语（实验班）专业','153'),('英语（实验班）专业','161'),('英语（实验班）专业','162'),('英语（实验班）专业','163'),('英语（实验班）专业','164'),('英语（实验班）专业','165'),('英语（实验班）专业','171'),('英语（实验班）专业','172'),('英语（实验班）专业','173'),('英语（实验班）专业','174'),('英语（实验班）专业','175'),('英语（实验班）专业','176'),('英语（师范）','141'),('英语（师范）','142'),('英语（师范）','151'),('英语（师范）','152'),('英语（师范）','153'),('英语（师范）','161'),('英语（师范）','162'),('英语（师范）','163'),('英语（师范）','164'),('英语（师范）','165'),('英语（师范）','171'),('英语（师范）','172'),('英语（师范）','173'),('英语（师范）','174'),('英语（师范）','175'),('英语（师范）','176'),('药学','141'),('药学','142'),('药学','151'),('药学','152'),('药学','153'),('药学','161'),('药学','162'),('药学','163'),('药学','164'),('药学','165'),('药学','171'),('药学','172'),('药学','173'),('药学','174'),('药学','175'),('药学','176'),('视觉传达设计','141'),('视觉传达设计','142'),('视觉传达设计','151'),('视觉传达设计','152'),('视觉传达设计','153'),('视觉传达设计','161'),('视觉传达设计','162'),('视觉传达设计','163'),('视觉传达设计','164'),('视觉传达设计','165'),('视觉传达设计','171'),('视觉传达设计','172'),('视觉传达设计','173'),('视觉传达设计','174'),('视觉传达设计','175'),('视觉传达设计','176'),('计算机科学与技术专业','141'),('计算机科学与技术专业','142'),('计算机科学与技术专业','151'),('计算机科学与技术专业','152'),('计算机科学与技术专业','153'),('计算机科学与技术专业','161'),('计算机科学与技术专业','162'),('计算机科学与技术专业','163'),('计算机科学与技术专业','164'),('计算机科学与技术专业','165'),('计算机科学与技术专业','171'),('计算机科学与技术专业','172'),('计算机科学与技术专业','173'),('计算机科学与技术专业','174'),('计算机科学与技术专业','175'),('计算机科学与技术专业','176'),('计算机科学与技术（师范）','141'),('计算机科学与技术（师范）','142'),('计算机科学与技术（师范）','151'),('计算机科学与技术（师范）','152'),('计算机科学与技术（师范）','153'),('计算机科学与技术（师范）','161'),('计算机科学与技术（师范）','162'),('计算机科学与技术（师范）','163'),('计算机科学与技术（师范）','164'),('计算机科学与技术（师范）','165'),('计算机科学与技术（师范）','171'),('计算机科学与技术（师范）','172'),('计算机科学与技术（师范）','173'),('计算机科学与技术（师范）','174'),('计算机科学与技术（师范）','175'),('计算机科学与技术（师范）','176'),('计算机科学与技术（金融信息服务方向）','141'),('计算机科学与技术（金融信息服务方向）','142'),('计算机科学与技术（金融信息服务方向）','151'),('计算机科学与技术（金融信息服务方向）','152'),('计算机科学与技术（金融信息服务方向）','153'),('计算机科学与技术（金融信息服务方向）','161'),('计算机科学与技术（金融信息服务方向）','162'),('计算机科学与技术（金融信息服务方向）','163'),('计算机科学与技术（金融信息服务方向）','164'),('计算机科学与技术（金融信息服务方向）','165'),('计算机科学与技术（金融信息服务方向）','171'),('计算机科学与技术（金融信息服务方向）','172'),('计算机科学与技术（金融信息服务方向）','173'),('计算机科学与技术（金融信息服务方向）','174'),('计算机科学与技术（金融信息服务方向）','175'),('计算机科学与技术（金融信息服务方向）','176'),('软件工程','141'),('软件工程','142'),('软件工程','151'),('软件工程','152'),('软件工程','153'),('软件工程','161'),('软件工程','162'),('软件工程','163'),('软件工程','164'),('软件工程','165'),('软件工程','171'),('软件工程','172'),('软件工程','173'),('软件工程','174'),('软件工程','175'),('软件工程','176'),('金融工程','141'),('金融工程','142'),('金融工程','151'),('金融工程','152'),('金融工程','153'),('金融工程','161'),('金融工程','162'),('金融工程','163'),('金融工程','164'),('金融工程','165'),('金融工程','171'),('金融工程','172'),('金融工程','173'),('金融工程','174'),('金融工程','175'),('金融工程','176'),('陈建功实验班','141'),('陈建功实验班','142'),('陈建功实验班','151'),('陈建功实验班','152'),('陈建功实验班','153'),('陈建功实验班','161'),('陈建功实验班','162'),('陈建功实验班','163'),('陈建功实验班','164'),('陈建功实验班','165'),('陈建功实验班','171'),('陈建功实验班','172'),('陈建功实验班','173'),('陈建功实验班','174'),('陈建功实验班','175'),('陈建功实验班','176'),('音乐学（师范）','141'),('音乐学（师范）','142'),('音乐学（师范）','151'),('音乐学（师范）','152'),('音乐学（师范）','153'),('音乐学（师范）','161'),('音乐学（师范）','162'),('音乐学（师范）','163'),('音乐学（师范）','164'),('音乐学（师范）','165'),('音乐学（师范）','171'),('音乐学（师范）','172'),('音乐学（师范）','173'),('音乐学（师范）','174'),('音乐学（师范）','175'),('音乐学（师范）','176'),('预防医学','141'),('预防医学','142'),('预防医学','151'),('预防医学','152'),('预防医学','153'),('预防医学','161'),('预防医学','162'),('预防医学','163'),('预防医学','164'),('预防医学','165'),('预防医学','171'),('预防医学','172'),('预防医学','173'),('预防医学','174'),('预防医学','175'),('预防医学','176'),('食品质量与安全','141'),('食品质量与安全','142'),('食品质量与安全','151'),('食品质量与安全','152'),('食品质量与安全','153'),('食品质量与安全','161'),('食品质量与安全','162'),('食品质量与安全','163'),('食品质量与安全','164'),('食品质量与安全','165'),('食品质量与安全','171'),('食品质量与安全','172'),('食品质量与安全','173'),('食品质量与安全','174'),('食品质量与安全','175'),('食品质量与安全','176'),('高分子材料与工程','141'),('高分子材料与工程','142'),('高分子材料与工程','151'),('高分子材料与工程','152'),('高分子材料与工程','153'),('高分子材料与工程','161'),('高分子材料与工程','162'),('高分子材料与工程','163'),('高分子材料与工程','164'),('高分子材料与工程','165'),('高分子材料与工程','171'),('高分子材料与工程','172'),('高分子材料与工程','173'),('高分子材料与工程','174'),('高分子材料与工程','175'),('高分子材料与工程','176');
/*!40000 ALTER TABLE `class_table` ENABLE KEYS */;
UNLOCK TABLES;

--
-- Table structure for table `company`
--

DROP TABLE IF EXISTS `company`;
/*!40101 SET @saved_cs_client     = @@character_set_client */;
/*!40101 SET character_set_client = utf8 */;
CREATE TABLE `company` (
  `user_id` varchar(20) NOT NULL,
  `user_name` varchar(50) NOT NULL,
  `company_name` varchar(120) NOT NULL,
  `company_phone` varchar(20) NOT NULL,
  `company_principal` varchar(50) NOT NULL,
  `company_address` varchar(120) NOT NULL,
  PRIMARY KEY (`user_id`),
  UNIQUE KEY `user_id_UNIQUE` (`user_id`)
) ENGINE=InnoDB DEFAULT CHARSET=utf8;
/*!40101 SET character_set_client = @saved_cs_client */;

--
-- Dumping data for table `company`
--

LOCK TABLES `company` WRITE;
/*!40000 ALTER TABLE `company` DISABLE KEYS */;
INSERT INTO `company` VALUES ('2000001','HHH','大公司','12345','林海瑞','浙江省杭州市余杭区');
/*!40000 ALTER TABLE `company` ENABLE KEYS */;
UNLOCK TABLES;

--
-- Table structure for table `dependent_unit`
--

DROP TABLE IF EXISTS `dependent_unit`;
/*!40101 SET @saved_cs_client     = @@character_set_client */;
/*!40101 SET character_set_client = utf8 */;
CREATE TABLE `dependent_unit` (
  `unit_id` varchar(20) NOT NULL,
  `unit_name` varchar(50) NOT NULL,
  `unit_identity` varchar(10) NOT NULL,
  `unit_address` varchar(120) NOT NULL,
  `unit_principal` varchar(20) NOT NULL,
  `unit_phone` varchar(20) NOT NULL,
  `unit_state` varchar(45) DEFAULT NULL,
  PRIMARY KEY (`unit_id`)
) ENGINE=InnoDB DEFAULT CHARSET=utf8;
/*!40101 SET character_set_client = @saved_cs_client */;

--
-- Dumping data for table `dependent_unit`
--

LOCK TABLES `dependent_unit` WRITE;
/*!40000 ALTER TABLE `dependent_unit` DISABLE KEYS */;
INSERT INTO `dependent_unit` VALUES ('123','老大哥','创新创业','浙江省杭州市海曙路58号杭州师范大学仓前校区博文苑8号楼','10000001','28863425','可用');
/*!40000 ALTER TABLE `dependent_unit` ENABLE KEYS */;
UNLOCK TABLES;

--
-- Table structure for table `dependent_unit_identity`
--

DROP TABLE IF EXISTS `dependent_unit_identity`;
/*!40101 SET @saved_cs_client     = @@character_set_client */;
/*!40101 SET character_set_client = utf8 */;
CREATE TABLE `dependent_unit_identity` (
  `identity_name` varchar(50) NOT NULL,
  PRIMARY KEY (`identity_name`)
) ENGINE=InnoDB DEFAULT CHARSET=utf8;
/*!40101 SET character_set_client = @saved_cs_client */;

--
-- Dumping data for table `dependent_unit_identity`
--

LOCK TABLES `dependent_unit_identity` WRITE;
/*!40000 ALTER TABLE `dependent_unit_identity` DISABLE KEYS */;
INSERT INTO `dependent_unit_identity` VALUES ('众创空间');
/*!40000 ALTER TABLE `dependent_unit_identity` ENABLE KEYS */;
UNLOCK TABLES;

--
-- Table structure for table `file_system`
--

DROP TABLE IF EXISTS `file_system`;
/*!40101 SET @saved_cs_client     = @@character_set_client */;
/*!40101 SET character_set_client = utf8 */;
CREATE TABLE `file_system` (
  `file_system_id` varchar(20) NOT NULL,
  `title` varchar(50) NOT NULL,
  `file_type` varchar(20) NOT NULL,
  `state` varchar(50) NOT NULL,
  `publish_time` date NOT NULL,
  `effective_time` date NOT NULL,
  `publish_user` varchar(50) NOT NULL,
  `introduction` text,
  PRIMARY KEY (`file_system_id`)
) ENGINE=InnoDB DEFAULT CHARSET=utf8;
/*!40101 SET character_set_client = @saved_cs_client */;

--
-- Dumping data for table `file_system`
--

LOCK TABLES `file_system` WRITE;
/*!40000 ALTER TABLE `file_system` DISABLE KEYS */;
/*!40000 ALTER TABLE `file_system` ENABLE KEYS */;
UNLOCK TABLES;

--
-- Table structure for table `file_system_files`
--

DROP TABLE IF EXISTS `file_system_files`;
/*!40101 SET @saved_cs_client     = @@character_set_client */;
/*!40101 SET character_set_client = utf8 */;
CREATE TABLE `file_system_files` (
  `file_system_id` varchar(20) NOT NULL,
  `file_path` varchar(200) NOT NULL,
  PRIMARY KEY (`file_system_id`,`file_path`)
) ENGINE=InnoDB DEFAULT CHARSET=utf8;
/*!40101 SET character_set_client = @saved_cs_client */;

--
-- Dumping data for table `file_system_files`
--

LOCK TABLES `file_system_files` WRITE;
/*!40000 ALTER TABLE `file_system_files` DISABLE KEYS */;
/*!40000 ALTER TABLE `file_system_files` ENABLE KEYS */;
UNLOCK TABLES;

--
-- Table structure for table `major`
--

DROP TABLE IF EXISTS `major`;
/*!40101 SET @saved_cs_client     = @@character_set_client */;
/*!40101 SET character_set_client = utf8 */;
CREATE TABLE `major` (
  `academy` varchar(20) NOT NULL,
  `major` varchar(20) NOT NULL,
  `status` varchar(20) NOT NULL DEFAULT '可用',
  PRIMARY KEY (`academy`,`major`)
) ENGINE=InnoDB DEFAULT CHARSET=utf8;
/*!40101 SET character_set_client = @saved_cs_client */;

--
-- Dumping data for table `major`
--

LOCK TABLES `major` WRITE;
/*!40000 ALTER TABLE `major` DISABLE KEYS */;
INSERT INTO `major` VALUES ('人文学院','人文教育（师范）','可用'),('人文学院','历史学（师范）','可用'),('人文学院','汉语国际教育','可用'),('人文学院','汉语言文学','可用'),('人文学院','汉语言文学（师范）','可用'),('人文学院','汉语言文学（师范）（专升本）','可用'),('体育与健康学院','休闲体育','可用'),('体育与健康学院','体育教育（师范）','可用'),('体育与健康学院','武术与民族传统体育（师范）','可用'),('医学院','临床医学','可用'),('医学院','公共事业管理（健康管理方向）','可用'),('医学院','公共事业管理（卫生事业管理方向）','可用'),('医学院','口腔医学','可用'),('医学院','护理学','可用'),('医学院','药学','可用'),('医学院','预防医学','可用'),('外国语学院','日语','可用'),('外国语学院','朝鲜语','可用'),('外国语学院','翻译','可用'),('外国语学院','英语','可用'),('外国语学院','英语（实验班）专业','可用'),('外国语学院','英语（师范）','可用'),('政治与社会学院','思想政治教育（师范）','可用'),('政治与社会学院','社会工作','可用'),('教育学院','学前教育（师范）','可用'),('教育学院','学前教育（师范）（专升本）','可用'),('教育学院','小学教育（师范）','可用'),('教育学院','应用心理学','可用'),('教育学院','教育技术学（师范）','可用'),('教育学院','特殊教育（师范）','可用'),('教育学院','舞蹈学（师范）','可用'),('教育学院','艺术教育（师范）（三位一体）','可用'),('教育学院','音乐学（师范）','可用'),('文化创意学院','动画','可用'),('文化创意学院','数字媒体艺术','可用'),('文化创意学院','文化产业管理','可用'),('材料与化学化工学院','制药工程','可用'),('材料与化学化工学院','化学专业（实验班）','可用'),('材料与化学化工学院','化学（师范）','可用'),('材料与化学化工学院','应用化学','可用'),('材料与化学化工学院','应用化学（专升本）','可用'),('材料与化学化工学院','高分子材料与工程','可用'),('杭州国际服务工程学院','物联网工程','可用'),('杭州国际服务工程学院','计算机科学与技术专业','可用'),('杭州国际服务工程学院','计算机科学与技术（师范）','可用'),('杭州国际服务工程学院','计算机科学与技术（金融信息服务方向）','可用'),('杭州国际服务工程学院','软件工程','可用'),('沈钧儒法学院','法学','可用'),('沈钧儒法学院','知识产权','可用'),('沈钧儒法学院1','专业1','不可用'),('理学院','信息与计算科学','可用'),('理学院','地理信息科学','可用'),('理学院','应用物理学（专升本）','可用'),('理学院','应用统计学','可用'),('理学院','数学与应用数学（师范）','可用'),('理学院','物理学（师范）','可用'),('理学院','科学教育（师范）','可用'),('理学院','陈建功实验班','可用'),('生命与环境科学学院','环境工程','可用'),('生命与环境科学学院','生物技术','可用'),('生命与环境科学学院','生物技术（专升本）','可用'),('生命与环境科学学院','生物科学（师范）','可用'),('生命与环境科学学院','食品质量与安全','可用'),('经亨颐学院','文科实验班','可用'),('经济与管理学院','会展经济与管理','可用'),('经济与管理学院','旅游管理','可用'),('经济与管理学院','旅游管理（专升本）','可用'),('经济与管理学院','经济学','可用'),('经济与管理学院','金融工程','可用'),('美术学院','书法学','可用'),('美术学院','公共艺术','可用'),('美术学院','环境设计','可用'),('美术学院','绘画','可用'),('美术学院','美术学（师范）','可用'),('美术学院','视觉传达设计','可用'),('阿里巴巴商学院','国际商务','可用'),('阿里巴巴商学院','市场营销（网络营销方向）','可用'),('阿里巴巴商学院','物流管理','可用'),('阿里巴巴商学院','电子商务','可用'),('阿里巴巴商学院','电子商务（新疆班）','可用');
/*!40000 ALTER TABLE `major` ENABLE KEYS */;
UNLOCK TABLES;

--
-- Table structure for table `notification`
--

DROP TABLE IF EXISTS `notification`;
/*!40101 SET @saved_cs_client     = @@character_set_client */;
/*!40101 SET character_set_client = utf8 */;
CREATE TABLE `notification` (
  `notification_id` varchar(20) NOT NULL,
  `notification_title` varchar(50) NOT NULL,
  `notification_identity` varchar(50) NOT NULL,
  `state` varchar(50) NOT NULL,
  `publish_time` date NOT NULL,
  `publish_user` varchar(20) NOT NULL,
  `notification_introduction` text NOT NULL,
  PRIMARY KEY (`notification_id`)
) ENGINE=InnoDB DEFAULT CHARSET=utf8;
/*!40101 SET character_set_client = @saved_cs_client */;

--
-- Dumping data for table `notification`
--

LOCK TABLES `notification` WRITE;
/*!40000 ALTER TABLE `notification` DISABLE KEYS */;
/*!40000 ALTER TABLE `notification` ENABLE KEYS */;
UNLOCK TABLES;

--
-- Table structure for table `notification_files`
--

DROP TABLE IF EXISTS `notification_files`;
/*!40101 SET @saved_cs_client     = @@character_set_client */;
/*!40101 SET character_set_client = utf8 */;
CREATE TABLE `notification_files` (
  `notification_id` varchar(20) NOT NULL,
  `file_path` varchar(200) NOT NULL,
  PRIMARY KEY (`notification_id`,`file_path`)
) ENGINE=InnoDB DEFAULT CHARSET=utf8;
/*!40101 SET character_set_client = @saved_cs_client */;

--
-- Dumping data for table `notification_files`
--

LOCK TABLES `notification_files` WRITE;
/*!40000 ALTER TABLE `notification_files` DISABLE KEYS */;
/*!40000 ALTER TABLE `notification_files` ENABLE KEYS */;
UNLOCK TABLES;

--
-- Table structure for table `policy`
--

DROP TABLE IF EXISTS `policy`;
/*!40101 SET @saved_cs_client     = @@character_set_client */;
/*!40101 SET character_set_client = utf8 */;
CREATE TABLE `policy` (
  `policy_id` varchar(20) NOT NULL,
  `policy_title` varchar(50) NOT NULL,
  `policy_identity` varchar(50) NOT NULL,
  `state` varchar(50) NOT NULL,
  `publish_time` date NOT NULL,
  `publish_user` varchar(50) NOT NULL,
  `policy_introduction` text,
  PRIMARY KEY (`policy_id`)
) ENGINE=InnoDB DEFAULT CHARSET=utf8;
/*!40101 SET character_set_client = @saved_cs_client */;

--
-- Dumping data for table `policy`
--

LOCK TABLES `policy` WRITE;
/*!40000 ALTER TABLE `policy` DISABLE KEYS */;
INSERT INTO `policy` VALUES ('123','国务院关于全面深化新时代教师队伍建设改革的意见','国家级','已发布','2018-02-17','国务院','<p></p><p style=\"text-align: center;\"><b>关于全面深化新时代教师队伍建设改革的意见</b></p><p></p>'),('124','国务院关于全面加强基础科学研究的若干意见','国家级','未发布','2018-01-19','国务院','国务院关于全面加强基础科学研究的若干意见');
/*!40000 ALTER TABLE `policy` ENABLE KEYS */;
UNLOCK TABLES;

--
-- Table structure for table `policy_files`
--

DROP TABLE IF EXISTS `policy_files`;
/*!40101 SET @saved_cs_client     = @@character_set_client */;
/*!40101 SET character_set_client = utf8 */;
CREATE TABLE `policy_files` (
  `policy_id` varchar(20) NOT NULL,
  `file_path` varchar(200) NOT NULL,
  `file_name` varchar(200) NOT NULL,
  PRIMARY KEY (`policy_id`,`file_path`)
) ENGINE=InnoDB DEFAULT CHARSET=utf8;
/*!40101 SET character_set_client = @saved_cs_client */;

--
-- Dumping data for table `policy_files`
--

LOCK TABLES `policy_files` WRITE;
/*!40000 ALTER TABLE `policy_files` DISABLE KEYS */;
/*!40000 ALTER TABLE `policy_files` ENABLE KEYS */;
UNLOCK TABLES;

--
-- Table structure for table `policy_identity`
--

DROP TABLE IF EXISTS `policy_identity`;
/*!40101 SET @saved_cs_client     = @@character_set_client */;
/*!40101 SET character_set_client = utf8 */;
CREATE TABLE `policy_identity` (
  `identity_name` varchar(50) NOT NULL,
  PRIMARY KEY (`identity_name`)
) ENGINE=InnoDB DEFAULT CHARSET=utf8;
/*!40101 SET character_set_client = @saved_cs_client */;

--
-- Dumping data for table `policy_identity`
--

LOCK TABLES `policy_identity` WRITE;
/*!40000 ALTER TABLE `policy_identity` DISABLE KEYS */;
INSERT INTO `policy_identity` VALUES ('国家级政策'),('杭州市政策'),('浙江省政策');
/*!40000 ALTER TABLE `policy_identity` ENABLE KEYS */;
UNLOCK TABLES;

--
-- Table structure for table `project`
--

DROP TABLE IF EXISTS `project`;
/*!40101 SET @saved_cs_client     = @@character_set_client */;
/*!40101 SET character_set_client = utf8 */;
CREATE TABLE `project` (
  `project_id` varchar(20) NOT NULL,
  `project_status` varchar(50) NOT NULL DEFAULT '可用',
  `project_name` varchar(50) NOT NULL,
  `project_identity` varchar(20) NOT NULL,
  `project_level` varchar(20) NOT NULL,
  `team_id` varchar(20) NOT NULL,
  `project_teacher` varchar(20) NOT NULL,
  `project_principal` varchar(20) NOT NULL,
  `register_year` date NOT NULL,
  `start_year` date NOT NULL,
  `finish_year` date DEFAULT NULL,
  PRIMARY KEY (`project_id`),
  UNIQUE KEY `project_id_UNIQUE` (`project_id`)
) ENGINE=InnoDB DEFAULT CHARSET=utf8;
/*!40101 SET character_set_client = @saved_cs_client */;

--
-- Dumping data for table `project`
--

LOCK TABLES `project` WRITE;
/*!40000 ALTER TABLE `project` DISABLE KEYS */;
INSERT INTO `project` VALUES ('1231','可用','Burning资源回收小组*change','服务外包大赛','省级','124','10000001','2015210405067','2018-02-02','2018-02-24','2020-06-01'),('1232','可用','Burning合同签订小组','category','second','123','10000001','2015210405043','2016-01-02','2016-05-21','2017-10-24');
/*!40000 ALTER TABLE `project` ENABLE KEYS */;
UNLOCK TABLES;

--
-- Table structure for table `project_files`
--

DROP TABLE IF EXISTS `project_files`;
/*!40101 SET @saved_cs_client     = @@character_set_client */;
/*!40101 SET character_set_client = utf8 */;
CREATE TABLE `project_files` (
  `project_id` varchar(20) NOT NULL,
  `file_path` varchar(200) NOT NULL,
  `file_type` tinyint(4) NOT NULL COMMENT '文件类型：申请材料还是结题材料',
  `file_name` varchar(200) NOT NULL,
  PRIMARY KEY (`project_id`,`file_path`)
) ENGINE=InnoDB DEFAULT CHARSET=utf8;
/*!40101 SET character_set_client = @saved_cs_client */;

--
-- Dumping data for table `project_files`
--

LOCK TABLES `project_files` WRITE;
/*!40000 ALTER TABLE `project_files` DISABLE KEYS */;
INSERT INTO `project_files` VALUES ('1231','./public/uploads/project/业务流程图.png-1519091042565.png',2,'业务流程图.png'),('1231','./public/uploads/project/功能流程图-再生产企业.png-1519091031330.png',1,'功能流程图-再生产企业.png'),('1231','./public/uploads/project/功能流程图-再生产企业.png-1519091042567.png',2,'功能流程图-再生产企业.png'),('1231','./public/uploads/project/功能流程图-回收站.png-1519091031326.png',1,'功能流程图-回收站.png'),('1232','./public/uploads/project/2018-2-7 1.0.sql-1519091058895.sql',1,'2018-2-7 1.0.sql'),('1232','./public/uploads/project/2018-2-7 2.0.odt-1519091065979.odt',2,'2018-2-7 2.0.odt'),('1232','./public/uploads/project/er图.mwb-1519091058897.mwb',1,'er图.mwb'),('1232','./public/uploads/project/er图.mwb.bak-1519091065978.bak',2,'er图.mwb.bak');
/*!40000 ALTER TABLE `project_files` ENABLE KEYS */;
UNLOCK TABLES;

--
-- Table structure for table `project_identity`
--

DROP TABLE IF EXISTS `project_identity`;
/*!40101 SET @saved_cs_client     = @@character_set_client */;
/*!40101 SET character_set_client = utf8 */;
CREATE TABLE `project_identity` (
  `identity_name` varchar(50) NOT NULL,
  PRIMARY KEY (`identity_name`)
) ENGINE=InnoDB DEFAULT CHARSET=utf8;
/*!40101 SET character_set_client = @saved_cs_client */;

--
-- Dumping data for table `project_identity`
--

LOCK TABLES `project_identity` WRITE;
/*!40000 ALTER TABLE `project_identity` DISABLE KEYS */;
INSERT INTO `project_identity` VALUES ('服务外包大赛'),('程序设计竞赛');
/*!40000 ALTER TABLE `project_identity` ENABLE KEYS */;
UNLOCK TABLES;

--
-- Table structure for table `project_level`
--

DROP TABLE IF EXISTS `project_level`;
/*!40101 SET @saved_cs_client     = @@character_set_client */;
/*!40101 SET character_set_client = utf8 */;
CREATE TABLE `project_level` (
  `level_name` varchar(50) NOT NULL,
  PRIMARY KEY (`level_name`)
) ENGINE=InnoDB DEFAULT CHARSET=utf8;
/*!40101 SET character_set_client = @saved_cs_client */;

--
-- Dumping data for table `project_level`
--

LOCK TABLES `project_level` WRITE;
/*!40000 ALTER TABLE `project_level` DISABLE KEYS */;
INSERT INTO `project_level` VALUES ('国家级'),('省级');
/*!40000 ALTER TABLE `project_level` ENABLE KEYS */;
UNLOCK TABLES;

--
-- Table structure for table `project_student`
--

DROP TABLE IF EXISTS `project_student`;
/*!40101 SET @saved_cs_client     = @@character_set_client */;
/*!40101 SET character_set_client = utf8 */;
CREATE TABLE `project_student` (
  `project_id` varchar(20) NOT NULL,
  `user_id` varchar(20) NOT NULL,
  `add_time` date NOT NULL,
  `leave_time` date DEFAULT NULL,
  `is_in_service` tinyint(4) NOT NULL DEFAULT '1' COMMENT '是否在项目中，是为 1，否为 0',
  PRIMARY KEY (`project_id`,`user_id`)
) ENGINE=InnoDB DEFAULT CHARSET=utf8;
/*!40101 SET character_set_client = @saved_cs_client */;

--
-- Dumping data for table `project_student`
--

LOCK TABLES `project_student` WRITE;
/*!40000 ALTER TABLE `project_student` DISABLE KEYS */;
INSERT INTO `project_student` VALUES ('1231','2015210402004','2017-10-12',NULL,1),('1231','2015210405004','2017-10-12',NULL,1),('1231','2015210405043','2017-10-12',NULL,1),('1231','2015210405076','2017-10-12',NULL,1),('1231','2016210401005','2017-10-12',NULL,1),('1232','2015210306004','2017-10-12',NULL,1),('1232','2015210402102','2017-10-12',NULL,1);
/*!40000 ALTER TABLE `project_student` ENABLE KEYS */;
UNLOCK TABLES;

--
-- Table structure for table `state_table`
--

DROP TABLE IF EXISTS `state_table`;
/*!40101 SET @saved_cs_client     = @@character_set_client */;
/*!40101 SET character_set_client = utf8 */;
CREATE TABLE `state_table` (
  `state_name` varchar(50) NOT NULL,
  PRIMARY KEY (`state_name`)
) ENGINE=InnoDB DEFAULT CHARSET=utf8;
/*!40101 SET character_set_client = @saved_cs_client */;

--
-- Dumping data for table `state_table`
--

LOCK TABLES `state_table` WRITE;
/*!40000 ALTER TABLE `state_table` DISABLE KEYS */;
INSERT INTO `state_table` VALUES ('不可用'),('可用'),('待审核');
/*!40000 ALTER TABLE `state_table` ENABLE KEYS */;
UNLOCK TABLES;

--
-- Table structure for table `student`
--

DROP TABLE IF EXISTS `student`;
/*!40101 SET @saved_cs_client     = @@character_set_client */;
/*!40101 SET character_set_client = utf8 */;
CREATE TABLE `student` (
  `user_id` varchar(20) NOT NULL,
  `user_name` varchar(50) NOT NULL,
  `student_academy` varchar(20) NOT NULL,
  `student_major` varchar(20) NOT NULL,
  `student_class` varchar(20) NOT NULL,
  PRIMARY KEY (`user_id`),
  UNIQUE KEY `user_id_UNIQUE` (`user_id`)
) ENGINE=InnoDB DEFAULT CHARSET=utf8;
/*!40101 SET character_set_client = @saved_cs_client */;

--
-- Dumping data for table `student`
--

LOCK TABLES `student` WRITE;
/*!40000 ALTER TABLE `student` DISABLE KEYS */;
INSERT INTO `student` VALUES ('2014210769','徐佳12','阿里巴巴商学院','国际商务','152'),('2014210772','凌佳丽','文化创意学院','数字媒体艺术','141'),('2014210779','戴思敏','教育学院','教育技术学（师范）','141'),('2014210780','汪磊蕾','文化创意学院','文化产业管理','142'),('2014210798','朱姝奇','阿里巴巴商学院','电子商务（新疆班）','142'),('2014210801','王小迎','理学院','陈建功实验班','141'),('2014210805','王晓安','理学院','陈建功实验班','142'),('2014210812','陈行','材料与化学化工学院','应用化学（专升本）','141'),('2014210815','董梦倩','外国语学院','英语（师范）','141'),('2014210819','高烨','经济与管理学院','旅游管理','141'),('2014210820','祝力炀','理学院','应用统计学','141'),('2014210821','蒋瞿黎','体育与健康学院','休闲体育','141'),('2014210834','陈枭磊','教育学院','教育技术学（师范）','141'),('2014210839','汤怡雯','人文学院','汉语言文学','142'),('2014210852','杨丽佳','美术学院','视觉传达设计','141'),('2014210855','朱佳丽','理学院','数学与应用数学（师范）','141'),('2014210861','胡佳丽','材料与化学化工学院','化学专业（实验班）','142'),('2014210862','戴国斌','生命与环境科学学院','生物科学（师范）','142'),('2014210868','杨坤丽','人文学院','汉语言文学（师范）（专升本）','141'),('2014210878','陈彦凯','理学院','陈建功实验班','142'),('2014210887','倪建炜','医学院','公共事业管理（健康管理方向）','142'),('2014210904','姚天鹏','美术学院','环境设计','142'),('2014210910','顾杭倩','阿里巴巴商学院','国际商务','141'),('2014210926','魏聪','美术学院','公共艺术','142'),('2014210928','姚伟','教育学院','艺术教育（师范）（三位一体）','142'),('2014210930','王岚婷','理学院','数学与应用数学（师范）','142'),('2014210931','何申鹏','文化创意学院','数字媒体艺术','141'),('2014210939','胡启帆','理学院','陈建功实验班','142'),('2014210940','董惠','生命与环境科学学院','食品质量与安全','141'),('2014210943','翁倩','杭州国际服务工程学院','物联网工程','142'),('2014210946','莫佳丽','理学院','数学与应用数学（师范）','141'),('2014210948','季奔','外国语学院','翻译','141'),('2014210950','穆永晖','人文学院','汉语国际教育','141'),('2014210951','储蓄','沈钧儒法学院','知识产权','142'),('2014210953','王小建','医学院','护理学','142'),('2014210961','陈阳杰','外国语学院','朝鲜语','142'),('2014210972','汤凯凯','阿里巴巴商学院','电子商务（新疆班）','141'),('2014210973','胡正阳','杭州国际服务工程学院','软件工程','141'),('2014210988','黄佳炜','阿里巴巴商学院','物流管理','141'),('2014210993','胡云川','医学院','公共事业管理（健康管理方向）','141'),('2014210997','冯银强','人文学院','汉语言文学（师范）（专升本）','141'),('2014210998','马吴渊','文化创意学院','文化产业管理','141'),('2014210999','王雯霞','生命与环境科学学院','生物科学（师范）','142'),('2014211003','邬梦锡','教育学院','学前教育（师范）（专升本）','142'),('2014211011','姚碧玲','医学院','公共事业管理（卫生事业管理方向）','141'),('2014211017','阮黎文','教育学院','应用心理学','141'),('2014211031','余炳皞','理学院','应用物理学（专升本）','141'),('2014211033','颜惠玲','外国语学院','翻译','142'),('2014211035','孙凯玲','经济与管理学院','经济学','142'),('2014211047','倪倩烨','材料与化学化工学院','应用化学','141'),('2014211049','郑璐璐','美术学院','绘画','141'),('2014211051','郑姣明','经济与管理学院','金融工程','142'),('2014211052','崔玉卿','教育学院','学前教育（师范）','142'),('2014211057','叶佳楠','教育学院','舞蹈学（师范）','141'),('2014211061','柴玉华','经济与管理学院','会展经济与管理','141'),('2014211073','石樱','外国语学院','英语（师范）','142'),('2014211081','曹凯强','杭州国际服务工程学院','物联网工程','142'),('2014211091','王劲东','外国语学院','日语','141'),('2014211100','郑璐璐','经济与管理学院','金融工程','141'),('2014211112','孔庆男','教育学院','学前教育（师范）','142'),('2014211114','张文俊','理学院','陈建功实验班','141'),('2014211116','骆金参','理学院','应用物理学（专升本）','142'),('2014211123','卢宁','医学院','护理学','141'),('2014211131','乐佳琨','经济与管理学院','金融工程','142'),('2014211136','翁超','理学院','应用物理学（专升本）','141'),('2014211139','严莹洁','生命与环境科学学院','环境工程','141'),('2014211140','王磊','文化创意学院','动画','141'),('2014211141','张昌安','杭州国际服务工程学院','计算机科学与技术专业','141'),('2014211151','李高锋','经济与管理学院','会展经济与管理','142'),('2014211156','郭佳薇','经济与管理学院','旅游管理（专升本）','141'),('2014211159','叶磊','生命与环境科学学院','食品质量与安全','141'),('2014211160','方嘉裕','杭州国际服务工程学院','软件工程','142'),('2014211161','杨凤丽','教育学院','学前教育（师范）','142'),('2014211164','蔡舒翔','教育学院','教育技术学（师范）','142'),('2014211168','蔡婉然','材料与化学化工学院','化学（师范）','141'),('2014211172','梅子涵','材料与化学化工学院','制药工程','141'),('2014211176','周齐增','理学院','应用物理学（专升本）','141'),('2014211178','吴永涵','体育与健康学院','武术与民族传统体育（师范）','142'),('2014211182','邵佳靓','教育学院','学前教育（师范）（专升本）','142'),('2014211183','孙琦林','文化创意学院','数字媒体艺术','141'),('2014211184','陈欣','外国语学院','日语','142'),('2014211186','周至强','教育学院','音乐学（师范）','141'),('2014211189','王武','理学院','物理学（师范）','141'),('2014211192','陈余余','文化创意学院','动画','141'),('2014211195','吴莹莹','经济与管理学院','旅游管理（专升本）','142'),('2014211197','陈曼','体育与健康学院','武术与民族传统体育（师范）','142'),('2014211204','章赛凤','杭州国际服务工程学院','计算机科学与技术（师范）','141'),('2014211207','朱凌波','医学院','公共事业管理（健康管理方向）','142'),('2014211210','郑宇静','理学院','科学教育（师范）','141'),('2014211214','金阳','政治与社会学院','思想政治教育（师范）','141'),('2014211217','李言知','人文学院','汉语国际教育','141'),('2014211220','李娜','政治与社会学院','思想政治教育（师范）','142'),('2014211222','戴欣妤','政治与社会学院','社会工作','141'),('2014211223','黄婷婷','材料与化学化工学院','化学专业（实验班）','141'),('2014211225','林欧亚','生命与环境科学学院','生物技术（专升本）','142'),('2014211232','朱朝乾','美术学院','视觉传达设计','141'),('2014211242','沈林杰','材料与化学化工学院','制药工程','141'),('2014211248','黄思方','生命与环境科学学院','生物技术','141'),('2014211254','徐斌','文化创意学院','动画','142'),('2014211256','黄冰彬','外国语学院','英语','141'),('2014211259','林德华','教育学院','教育技术学（师范）','141'),('2014211267','叶城','阿里巴巴商学院','电子商务','141'),('2014211277','谢素芳','文化创意学院','数字媒体艺术','142'),('2014211285','项依文','生命与环境科学学院','生物技术（专升本）','142'),('2014211294','曾瑞宇','文化创意学院','文化产业管理','141'),('2014211301','郑明明','医学院','护理学','142'),('2014211305','李恒','外国语学院','英语','141'),('2014211307','余德利','生命与环境科学学院','生物科学（师范）','142'),('2014211313','陈晨晨','经济与管理学院','金融工程','141'),('2014211316','戴鄂丰','教育学院','小学教育（师范）','141'),('2014211325','于月清','理学院','陈建功实验班','141'),('2014211326','姚嘉昱','医学院','预防医学','141'),('2014211327','谭书涛','人文学院','历史学（师范）','141'),('2014211328','王子欣','理学院','应用物理学（专升本）','142'),('2014211329','盛艳','美术学院','书法学','141'),('2014211332','王欢','外国语学院','英语','142'),('2014211349','吴俊杰','教育学院','特殊教育（师范）','142'),('2014211365','卢俊杰','教育学院','学前教育（师范）','141'),('2014211369','蔡彦萍','人文学院','汉语言文学（师范）（专升本）','141'),('2014211371','张梦婕','理学院','地理信息科学','141'),('2014211376','施烨锋','沈钧儒法学院','知识产权','141'),('2014211377','汤佳威','医学院','临床医学','141'),('2014211378','黄煜鑫','教育学院','应用心理学','141'),('2014211381','钱佳萍','沈钧儒法学院','法学','141'),('2014211385','潘祎凡','阿里巴巴商学院','市场营销（网络营销方向）','141'),('2014211392','施婷瑜','理学院','应用物理学（专升本）','142'),('2014211396','陈莹','人文学院','汉语言文学','141'),('2014211397','茅蓉蓉','美术学院','环境设计','141'),('2014211400','闻诗佳','沈钧儒法学院','法学','142'),('2014211401','赵悦','外国语学院','翻译','142'),('2014211409','吴围围','医学院','护理学','141'),('2014211414','王伟佳','材料与化学化工学院','制药工程','142'),('2014211417','杭煜','经济与管理学院','会展经济与管理','141'),('2014211420','黄益华','理学院','陈建功实验班','142'),('2014211426','叶宇航','外国语学院','英语（师范）','141'),('2014211436','蔡梦璋','政治与社会学院','社会工作','141'),('2014211440','王卓炜','美术学院','书法学','141'),('2014211441','戚一','材料与化学化工学院','制药工程','142'),('2014211442','阮嘉伟','文化创意学院','文化产业管理','141'),('2014211443','俞梦泽','文化创意学院','数字媒体艺术','142'),('2014211459','何林波','理学院','科学教育（师范）','142'),('2014211463','陶安妮','经济与管理学院','旅游管理','142'),('2014211466','张晨佳','人文学院','汉语言文学（师范）','142'),('2014211468','胡麒阳','材料与化学化工学院','制药工程','142'),('2014211470','阮佳裕','生命与环境科学学院','食品质量与安全','142'),('2014211487','孙宏扬','材料与化学化工学院','应用化学','142'),('2014211500','王惠瑛','阿里巴巴商学院','国际商务','142'),('2014211512','王亚妮','教育学院','学前教育（师范）（专升本）','142'),('2014211517','陈吉','杭州国际服务工程学院','计算机科学与技术专业','141'),('2014211522','李梦婷','美术学院','视觉传达设计','141'),('2014211523','何佳妮','文化创意学院','文化产业管理','142'),('2014211526','宋甜','理学院','应用物理学（专升本）','141'),('2014211536','孙立钢','杭州国际服务工程学院','物联网工程','141'),('2014211543','裘方圆','杭州国际服务工程学院','计算机科学与技术（师范）','141'),('2014211551','何佳红','杭州国际服务工程学院','软件工程','141'),('2014211557','许林杰','理学院','应用物理学（专升本）','142'),('2014211559','寿喆佶','外国语学院','日语','142'),('2014211561','郭佳媛','生命与环境科学学院','生物技术','141'),('2014211566','黄巧莹','教育学院','应用心理学','142'),('2014211572','卓颖涛','教育学院','舞蹈学（师范）','141'),('2014211584','楼航英','生命与环境科学学院','环境工程','142'),('2014211585','王家梁','经亨颐学院','文科实验班','142'),('2014211594','李风纬','经济与管理学院','会展经济与管理','141'),('2014211596','郑奇峰','杭州国际服务工程学院','物联网工程','142'),('2014211599','郑巧园','生命与环境科学学院','食品质量与安全','141'),('2014211602','王燕飞','美术学院','视觉传达设计','142'),('2014211603','毛旖旎','杭州国际服务工程学院','计算机科学与技术（师范）','141'),('2014211607','徐灵','外国语学院','翻译','141'),('2014211608','王昱','体育与健康学院','休闲体育','142'),('2014211616','徐婷','教育学院','应用心理学','142'),('2014211617','卢诗意','沈钧儒法学院','知识产权','142'),('2014211626','王素洁','医学院','口腔医学','142'),('2014211629','何慧珊','生命与环境科学学院','食品质量与安全','142'),('2014211632','俞竣康','美术学院','美术学（师范）','141'),('2014211633','王静','医学院','药学','141'),('2014211647','陈敏丽','教育学院','艺术教育（师范）（三位一体）','141'),('2014211650','冯嘉辉','生命与环境科学学院','生物技术','142'),('2014211656','厉慧颖','医学院','口腔医学','141'),('2014211657','胡侃麟','经济与管理学院','旅游管理','142'),('2014211659','许国栋','教育学院','艺术教育（师范）（三位一体）','141'),('2014211675','王宇航','经济与管理学院','金融工程','142'),('2014211676','张熙','杭州国际服务工程学院','软件工程','142'),('2014211679','羊铭','医学院','临床医学','142'),('2014211687','周丽婉','阿里巴巴商学院','电子商务','141'),('2014211688','潘琦','理学院','信息与计算科学','142'),('2014211691','叶青青','杭州国际服务工程学院','计算机科学与技术专业','141'),('2014211693','徐超','教育学院','特殊教育（师范）','141'),('2014211694','余欣','生命与环境科学学院','食品质量与安全','142'),('2014211697','何进','外国语学院','朝鲜语','142'),('2014211699','徐喆民','沈钧儒法学院','法学','142'),('2014211715','翁颖颖','阿里巴巴商学院','物流管理','142'),('2014211717','雷家俊','经亨颐学院','文科实验班','142'),('2014211723','郑成力','经济与管理学院','会展经济与管理','141'),('2014211725','王卫星','体育与健康学院','体育教育（师范）','141'),('2014211729','陈慕伟','教育学院','小学教育（师范）','141'),('2014211739','徐慧慧','理学院','应用物理学（专升本）','142'),('2014211742','柳一铭','经亨颐学院','文科实验班','141'),('2014211750','陈乐健','医学院','口腔医学','141'),('2014211751','徐钟鸣','教育学院','艺术教育（师范）（三位一体）','142'),('2014211763','王少迪','经济与管理学院','经济学','141'),('2014211764','葛飘飘','人文学院','汉语言文学','141'),('2014211765','项俞添','阿里巴巴商学院','电子商务（新疆班）','141'),('2014211811','张乐','人文学院','人文教育（师范）','142'),('2014211812','吴正','理学院','科学教育（师范）','141'),('2014211818','胡思哲','教育学院','应用心理学','142'),('2014211835','王士坤','医学院','公共事业管理（健康管理方向）','141'),('2014211837','陈琛霞','理学院','地理信息科学','141'),('2014211838','余凯瑞','教育学院','应用心理学','142'),('2014211840','许晓锋','理学院','应用物理学（专升本）','141'),('2014211841','洪嘉璐','医学院','预防医学','141'),('2014211842','黄锐','医学院','临床医学','141'),('2014211848','竺晨恬','体育与健康学院','体育教育（师范）','142'),('2014211853','杨怡莹','文化创意学院','文化产业管理','141'),('2014211855','林雪明','美术学院','环境设计','142'),('2014211860','王林奔','理学院','数学与应用数学（师范）','142'),('2014211866','徐梦瑶','生命与环境科学学院','生物技术','141'),('2014211870','潘熙','生命与环境科学学院','生物科学（师范）','141'),('2014211879','屠梦婕','理学院','地理信息科学','141'),('2014211883','谢佳豪','医学院','护理学','142'),('2014211885','金洁','体育与健康学院','体育教育（师范）','141'),('2014211893','徐卉','美术学院','书法学','142'),('2014211897','陈航英','文化创意学院','动画','141'),('2014211900','吴兴乐','理学院','地理信息科学','142'),('2014211902','陈肖都','文化创意学院','数字媒体艺术','142'),('2014211909','吴晖','外国语学院','翻译','142'),('2014211910','陈璐颖','教育学院','教育技术学（师范）','142'),('2014211911','胡康程','医学院','公共事业管理（健康管理方向）','142'),('2014211916','沈佳俊','文化创意学院','文化产业管理','141'),('2014212125','苏娜','人文学院','历史学（师范）','142'),('2014212128','葛伦','教育学院','学前教育（师范）','142'),('2014212136','王浩东','医学院','口腔医学','141'),('2014212138','蒿梦书','生命与环境科学学院','生物技术（专升本）','142'),('2014212154','林晓蕾','人文学院','汉语言文学（师范）','142'),('2014212155','朱运生','人文学院','汉语言文学','142'),('2014212157','时伟涛','医学院','护理学','142'),('2014212162','钟少华','经济与管理学院','金融工程','141'),('2014212166','夏心雨','理学院','应用物理学（专升本）','142'),('2014212176','李夏阳','教育学院','音乐学（师范）','141'),('2014212181','刘诚','外国语学院','英语（师范）','141'),('2014212182','王腾飞','经济与管理学院','旅游管理','142'),('2014212184','范林玉','外国语学院','翻译','142'),('2014212185','胡大伟','经济与管理学院','会展经济与管理','141'),('2014212352','牟雪婷','材料与化学化工学院','化学（师范）','142'),('2014212355','汪海波','材料与化学化工学院','制药工程','141'),('2014212365','陈双喜','政治与社会学院','社会工作','141'),('2014212368','田叶','教育学院','学前教育（师范）（专升本）','142'),('2014212369','何欣阳','阿里巴巴商学院','电子商务','142'),('2014212411','门飞飞','体育与健康学院','休闲体育','141'),('2014212448','张竹瑶','材料与化学化工学院','化学（师范）','142'),('2014212576','周昱希','阿里巴巴商学院','物流管理','141'),('2014212578','方皓玉','美术学院','环境设计','142'),('2014212588','李世豪','材料与化学化工学院','制药工程','141'),('2014212762','冼弋人','理学院','地理信息科学','142'),('2014212764','陆卓','杭州国际服务工程学院','物联网工程','142'),('2014212774','秦志玮','外国语学院','英语（师范）','142'),('2014212802','罗新迈','经亨颐学院','文科实验班','142'),('2014212810','周灵杰','理学院','物理学（师范）','141'),('2014213210','吕佳敏','医学院','预防医学','142'),('2014213293','陈迪峰','阿里巴巴商学院','电子商务','141'),('2014213296','钱怀远','人文学院','汉语言文学（师范）','142'),('2014213315','任嘉华','医学院','药学','142'),('2014213316','任振峰','材料与化学化工学院','高分子材料与工程','142'),('2014213321','刘初莲','材料与化学化工学院','应用化学','142'),('2014213383','赵鹏程','教育学院','音乐学（师范）','142'),('2014213436','吕庭威','杭州国际服务工程学院','计算机科学与技术专业','141'),('2014213532','叶凯','美术学院','绘画','142'),('2014213554','姚依杰','阿里巴巴商学院','国际商务','142'),('2014213590','曹虹辉','人文学院','汉语言文学（师范）（专升本）','142'),('2014213640','刘畅','人文学院','汉语言文学（师范）','142'),('2014213643','王子君','人文学院','历史学（师范）','142'),('2014213677','卓安晖','生命与环境科学学院','环境工程','142'),('2014213701','吴颖扬','教育学院','教育技术学（师范）','142'),('2014213782','裴维维','材料与化学化工学院','应用化学（专升本）','142'),('2014213783','雷远','杭州国际服务工程学院','软件工程','141'),('2014213825','张瑜','体育与健康学院','体育教育（师范）','142'),('2014213828','杜鑫','教育学院','应用心理学','141'),('2014213831','贾楠','经济与管理学院','金融工程','141'),('2014213840','费加罗','政治与社会学院','社会工作','141'),('2014213848','何红春','杭州国际服务工程学院','物联网工程','142'),('2014213854','谢鸿鹄','体育与健康学院','体育教育（师范）','141'),('2014213879','唐秀湘','生命与环境科学学院','生物技术','141'),('2014213889','邹玉龙','杭州国际服务工程学院','物联网工程','141'),('2014213915','邝玉泉','杭州国际服务工程学院','计算机科学与技术（金融信息服务方向）','141'),('2014214182','石力','人文学院','汉语国际教育','142'),('2014214190','傅华全','人文学院','历史学（师范）','142'),('2014214254','郭璞','外国语学院','翻译','142'),('2014214302','胡鹏昊','美术学院','美术学（师范）','141'),('2014214312','李佳玘','体育与健康学院','休闲体育','141'),('2014214324','朱婷婷','医学院','护理学','142'),('2014214327','周阳','人文学院','汉语言文学（师范）','141'),('2014214328','闫江','文化创意学院','数字媒体艺术','142'),('2014214365','古力米热·艾尼瓦儿','杭州国际服务工程学院','计算机科学与技术（金融信息服务方向）','142'),('2014214382','谢仁古丽·麦合木提','美术学院','美术学（师范）','141'),('2014214383','努尔麦麦提·托合提克排','美术学院','书法学','142'),('2014810889','陈晟','美术学院','公共艺术','142'),('2015210110019','蒋钰','人文学院','人文教育（师范）','151'),('2015210306004','黄志','外国语学院','英语（实验班）专业','153'),('2015210308018','陈靖森','体育与健康学院','休闲体育','153'),('2015210401001','胡海林','教育学院','教育技术学（师范）','151'),('2015210401002','汪欣婷','人文学院','汉语言文学（师范）','152'),('2015210401003','沈鑫楠','材料与化学化工学院','化学（师范）','151'),('2015210401004','吴昊','外国语学院','英语（实验班）专业','152'),('2015210401005','洪晓俊','政治与社会学院','社会工作','152'),('2015210401006','娄宇翔','医学院','预防医学','151'),('2015210401007','葛家源','教育学院','特殊教育（师范）','153'),('2015210401008','石中钰','人文学院','汉语言文学（师范）（专升本）','152'),('2015210401009','鲍周颖','阿里巴巴商学院','电子商务（新疆班）','152'),('2015210401010','谷晗','文化创意学院','动画','153'),('2015210401011','叶彬慧','理学院','数学与应用数学（师范）','151'),('2015210401012','魏礼鑫','阿里巴巴商学院','电子商务','151'),('2015210401013','蒋怡清','体育与健康学院','武术与民族传统体育（师范）','151'),('2015210401014','石欢林','材料与化学化工学院','化学专业（实验班）','141'),('2015210401015','缪梦宇','教育学院','小学教育（师范）','151'),('2015210401016','陈瑜','教育学院','音乐学（师范）','151'),('2015210401017','王卓权','文化创意学院','动画','153'),('2015210401018','方雨情','教育学院','小学教育（师范）','151'),('2015210401019','徐抒雅','理学院','地理信息科学','152'),('2015210401021','郑旭东','医学院','口腔医学','152'),('2015210401022','林纪鹏','理学院','应用物理学（专升本）','151'),('2015210401023','梁高基','体育与健康学院','休闲体育','151'),('2015210401025','洪诗依','医学院','护理学','152'),('2015210401026','胡家骏','美术学院','书法学','151'),('2015210402001','洪采颂','外国语学院','英语（实验班）专业','153'),('2015210402002','胡嘉诚','教育学院','小学教育（师范）','153'),('2015210402003','凌梦羽','杭州国际服务工程学院','物联网工程','152'),('2015210402004','王懿琦','经亨颐学院','文科实验班','151'),('2015210402005','毛梓听','经济与管理学院','会展经济与管理','152'),('2015210402006','朱佳男','政治与社会学院','社会工作','151'),('2015210402007','俞孝天','理学院','应用统计学','153'),('2015210402008','游品娴','教育学院','应用心理学','153'),('2015210402009','黄一峻','理学院','数学与应用数学（师范）','153'),('2015210402010','陈耀松','教育学院','舞蹈学（师范）','151'),('2015210402011','罗雨晴','材料与化学化工学院','化学（师范）','151'),('2015210402012','杨凯悦','理学院','应用物理学（专升本）','151'),('2015210402013','王敏悦','医学院','药学','151'),('2015210402014','章亦钦','教育学院','特殊教育（师范）','141'),('2015210402015','蓝一鸣','医学院','临床医学','151'),('2015210402016','王怡清','杭州国际服务工程学院','计算机科学与技术（金融信息服务方向）','153'),('2015210402017','沈洁','经济与管理学院','会展经济与管理','151'),('2015210402018','钱中平','人文学院','汉语国际教育','152'),('2015210402019','胡云丰','经亨颐学院','文科实验班','152'),('2015210402020','王玲','医学院','公共事业管理（健康管理方向）','153'),('2015210402021','王含泽','体育与健康学院','体育教育（师范）','153'),('2015210402022','姚梦莲','理学院','陈建功实验班','153'),('2015210402023','张尧俊','杭州国际服务工程学院','计算机科学与技术专业','152'),('2015210402024','罗欢欢','教育学院','特殊教育（师范）','152'),('2015210402025','伍文浩','沈钧儒法学院','知识产权','151'),('2015210402026','张璐','材料与化学化工学院','应用化学','151'),('2015210402027','童安涛','人文学院','人文教育（师范）','153'),('2015210402028','王慧慧','教育学院','特殊教育（师范）','152'),('2015210402029','应泽林','杭州国际服务工程学院','计算机科学与技术专业','153'),('2015210402030','吕王彬','人文学院','汉语言文学（师范）（专升本）','151'),('2015210402031','陈茜茜','文化创意学院','动画','151'),('2015210402032','许承瑶','沈钧儒法学院','知识产权','153'),('2015210402033','刘庆','外国语学院','英语','153'),('2015210402034','张清波','阿里巴巴商学院','电子商务（新疆班）','153'),('2015210402035','郭笑君','阿里巴巴商学院','电子商务','151'),('2015210402036','权观宇','生命与环境科学学院','食品质量与安全','151'),('2015210402037','杨燕娟','外国语学院','日语','153'),('2015210402038','吴健明','材料与化学化工学院','化学专业（实验班）','153'),('2015210402039','罗壮华','阿里巴巴商学院','市场营销（网络营销方向）','152'),('2015210402040','阿力米热·买买提','医学院','口腔医学','153'),('2015210402041','方柯','外国语学院','英语','152'),('2015210402042','任旭雯','经济与管理学院','旅游管理','152'),('2015210402043','黄迅','沈钧儒法学院','法学','153'),('2015210402044','陆沁梅','生命与环境科学学院','生物科学（师范）','152'),('2015210402045','管佳迪','医学院','公共事业管理（卫生事业管理方向）','152'),('2015210402046','詹潘峰','经济与管理学院','旅游管理（专升本）','153'),('2015210402048','郑慧霖','经济与管理学院','旅游管理','151'),('2015210402050','严锋钢','体育与健康学院','休闲体育','153'),('2015210402051','周金盛','文化创意学院','文化产业管理','152'),('2015210402052','张璐玮','沈钧儒法学院','知识产权','152'),('2015210402053','周耀杰','材料与化学化工学院','制药工程','151'),('2015210402054','戚梦瑶','杭州国际服务工程学院','计算机科学与技术（金融信息服务方向）','153'),('2015210402055','陈岳','人文学院','历史学（师范）','151'),('2015210402056','张小燕','教育学院','特殊教育（师范）','153'),('2015210402057','沈丹杰','阿里巴巴商学院','国际商务','151'),('2015210402058','李思怡','文化创意学院','文化产业管理','152'),('2015210402059','吴佳','材料与化学化工学院','化学（师范）','151'),('2015210402060','陈子雨','材料与化学化工学院','应用化学','151'),('2015210402061','魏懿','医学院','公共事业管理（健康管理方向）','153'),('2015210402062','钱苗军','教育学院','学前教育（师范）（专升本）','152'),('2015210402064','袁加颖','沈钧儒法学院','知识产权','151'),('2015210402065','李英倩','生命与环境科学学院','生物科学（师范）','151'),('2015210402066','金天航','理学院','数学与应用数学（师范）','151'),('2015210402068','周珏畅','理学院','陈建功实验班','153'),('2015210402069','董亦婧','理学院','信息与计算科学','153'),('2015210402070','蒋赞杰','材料与化学化工学院','化学专业（实验班）','153'),('2015210402071','陈珂','体育与健康学院','体育教育（师范）','152'),('2015210402072','斯宏翔','教育学院','艺术教育（师范）（三位一体）','153'),('2015210402073','刘菊','材料与化学化工学院','应用化学','153'),('2015210402074','万芳','教育学院','特殊教育（师范）','153'),('2015210402075','王威','人文学院','汉语言文学','151'),('2015210402076','朱晓萌','生命与环境科学学院','生物科学（师范）','152'),('2015210402077','张文','教育学院','小学教育（师范）','151'),('2015210402078','毛方婕','医学院','公共事业管理（健康管理方向）','153'),('2015210402079','武塬皓','阿里巴巴商学院','国际商务','152'),('2015210402080','陈志建','医学院','预防医学','152'),('2015210402082','胡泷','外国语学院','英语（实验班）专业','151'),('2015210402083','许一洲','沈钧儒法学院','法学','153'),('2015210402084','沈莹佳','文化创意学院','动画','153'),('2015210402085','张晓旦','材料与化学化工学院','应用化学（专升本）','152'),('2015210402086','陆紫涵','理学院','信息与计算科学','153'),('2015210402087','石俊','阿里巴巴商学院','市场营销（网络营销方向）','152'),('2015210402088','施奇豪','阿里巴巴商学院','市场营销（网络营销方向）','153'),('2015210402089','林巧月','文化创意学院','动画','152'),('2015210402090','刘云博','人文学院','汉语国际教育','152'),('2015210402092','张林锋','人文学院','历史学（师范）','153'),('2015210402093','卓佐祥','人文学院','汉语国际教育','152'),('2015210402094','程宇畅','教育学院','舞蹈学（师范）','153'),('2015210402097','郑童飞','理学院','科学教育（师范）','153'),('2015210402098','黄金钧','理学院','信息与计算科学','152'),('2015210402099','叶登峰','政治与社会学院','思想政治教育（师范）','153'),('2015210402100','徐锋','教育学院','艺术教育（师范）（三位一体）','153'),('2015210402101','傅金燕','材料与化学化工学院','制药工程','151'),('2015210402102','陈雨露','外国语学院','英语','153'),('2015210402103','陈浩','理学院','陈建功实验班','151'),('2015210402104','徐丽君','理学院','信息与计算科学','152'),('2015210402105','严剑桥','材料与化学化工学院','制药工程','151'),('2015210402106','蒋经纬','体育与健康学院','休闲体育','151'),('2015210402107','陈鹏','经亨颐学院','文科实验班','152'),('2015210402108','陈泽群','经济与管理学院','经济学','151'),('2015210402109','蒋燕娜','教育学院','舞蹈学（师范）','152'),('2015210402111','晏欧','经济与管理学院','旅游管理（专升本）','152'),('2015210402112','蒋宗强','人文学院','汉语言文学','151'),('2015210402113','王珊','人文学院','汉语言文学（师范）','153'),('2015210402114','杨若瑾','材料与化学化工学院','化学专业（实验班）','142'),('2015210402115','刘福东','医学院','公共事业管理（卫生事业管理方向）','152'),('2015210402116','祁俊舟','医学院','公共事业管理（健康管理方向）','151'),('2015210402117','高源','医学院','预防医学','152'),('2015210405001','蔡澄捷','理学院','地理信息科学','153'),('2015210405002','郑嘉逸','美术学院','视觉传达设计','153'),('2015210405003','徐韬','生命与环境科学学院','环境工程','153'),('2015210405004','吴际','医学院','护理学','152'),('2015210405005','吕靖之','美术学院','环境设计','152'),('2015210405006','全琪','阿里巴巴商学院','物流管理','151'),('2015210405007','袁宵月','材料与化学化工学院','应用化学（专升本）','152'),('2015210405008','马港楠','理学院','应用物理学（专升本）','151'),('2015210405010','吴燕波','理学院','科学教育（师范）','151'),('2015210405011','洪磊','材料与化学化工学院','化学（师范）','152'),('2015210405013','岑焕亚','教育学院','小学教育（师范）','152'),('2015210405014','虞哲','阿里巴巴商学院','电子商务','141'),('2015210405017','张晨昊','生命与环境科学学院','食品质量与安全','153'),('2015210405018','陈都','外国语学院','日语','151'),('2015210405019','林一凡','经济与管理学院','旅游管理（专升本）','153'),('2015210405020','许沈恬','经济与管理学院','金融工程','152'),('2015210405021','赵渊悦','教育学院','学前教育（师范）（专升本）','151'),('2015210405022','翁泽超','外国语学院','朝鲜语','153'),('2015210405023','沈季涛','经济与管理学院','金融工程','152'),('2015210405024','崔甜甜','理学院','物理学（师范）','151'),('2015210405025','俞天琪','人文学院','汉语言文学（师范）','151'),('2015210405026','郭钰燕','理学院','物理学（师范）','153'),('2015210405027','骆涵泽','教育学院','音乐学（师范）','152'),('2015210405028','胡迪恒','阿里巴巴商学院','国际商务','151'),('2015210405029','吕海涛','医学院','口腔医学','153'),('2015210405030','吴倩倩','教育学院','特殊教育（师范）','152'),('2015210405031','王靖','材料与化学化工学院','制药工程','151'),('2015210405032','谢佳敏','教育学院','音乐学（师范）','151'),('2015210405033','陈崇淇','美术学院','绘画','151'),('2015210405034','林亨泽','医学院','药学','153'),('2015210405035','庄超','理学院','科学教育（师范）','153'),('2015210405036','周珍','理学院','物理学（师范）','151'),('2015210405037','傅杭波','理学院','物理学（师范）','151'),('2015210405038','王议莹','理学院','科学教育（师范）','151'),('2015210405039','李芸婷','美术学院','公共艺术','151'),('2015210405040','秦汉','教育学院','学前教育（师范）','152'),('2015210405041','俞浩天','美术学院','美术学（师范）','151'),('2015210405042','王琛琪','沈钧儒法学院','法学','153'),('2015210405043','林海瑞','教育学院','学前教育（师范）（专升本）','153'),('2015210405044','陈颖兰','教育学院','应用心理学','152'),('2015210405045','徐欣奕','沈钧儒法学院','知识产权','151'),('2015210405046','章健伟','经济与管理学院','金融工程','152'),('2015210405047','戴雅婕','经济与管理学院','经济学','151'),('2015210405048','翟健羽','理学院','数学与应用数学（师范）','152'),('2015210405049','吴佳思','医学院','口腔医学','151'),('2015210405050','周则张','外国语学院','英语（师范）','153'),('2015210405052','夏吕丹','杭州国际服务工程学院','计算机科学与技术专业','151'),('2015210405053','詹罗梦甜','教育学院','特殊教育（师范）','153'),('2015210405054','赵杭琪','外国语学院','朝鲜语','153'),('2015210405055','孔志鹏','阿里巴巴商学院','物流管理','151'),('2015210405056','李豪','理学院','物理学（师范）','153'),('2015210405057','陈金才','理学院','信息与计算科学','153'),('2015210405058','林冬慧','生命与环境科学学院','环境工程','151'),('2015210405059','林阳阳','人文学院','汉语国际教育','153'),('2015210405060','朱勋韬','教育学院','小学教育（师范）','151'),('2015210405061','庄子遥','医学院','临床医学','151'),('2015210405062','张松鹏','文化创意学院','动画','152'),('2015210405063','杨贺晨吉','杭州国际服务工程学院','物联网工程','151'),('2015210405064','张伟芳','美术学院','公共艺术','151'),('2015210405065','滕飞','教育学院','学前教育（师范）','152'),('2015210405066','张银霞','政治与社会学院','社会工作','151'),('2015210405067','吴雨欣','阿里巴巴商学院','国际商务','152'),('2015210405068','胡鑫','材料与化学化工学院','化学（师范）','152'),('2015210405069','鲍文晗','生命与环境科学学院','环境工程','151'),('2015210405070','余宁宁','材料与化学化工学院','化学专业（实验班）','151'),('2015210405071','金茏晟','理学院','应用统计学','153'),('2015210405072','姜晓红','人文学院','汉语言文学（师范）','153'),('2015210405073','邓悦','政治与社会学院','思想政治教育（师范）','152'),('2015210405074','陶瑜哲','体育与健康学院','武术与民族传统体育（师范）','151'),('2015210405075','傅凯琪','教育学院','特殊教育（师范）','151'),('2015210405076','韦洁','教育学院','学前教育（师范）（专升本）','153'),('2015210405077','余煜淇','教育学院','应用心理学','153'),('2015210405078','周浩','生命与环境科学学院','生物科学（师范）','151'),('2015210405079','单德金','教育学院','舞蹈学（师范）','152'),('2015211102046','杨宋瑞雪','美术学院','公共艺术','152'),('2015211401005','李青芸','理学院','陈建功实验班','142'),('2015211704001','严胜良','经济与管理学院','旅游管理（专升本）','152'),('2015211901030','吕东雨','理学院','应用统计学','151'),('2015211901105','毛玲','教育学院','艺术教育（师范）（三位一体）','151'),('2015211901110','黄飞达','医学院','临床医学','151'),('2015211902017','顾虹虹','教育学院','学前教育（师范）','152'),('2015212211002','朱曈','理学院','科学教育（师范）','151'),('2015212211003','任梅','政治与社会学院','思想政治教育（师范）','151'),('2015212211004','许秋妹','理学院','科学教育（师范）','153'),('2015212211005','潘子越','经济与管理学院','会展经济与管理','153'),('2015212211006','岑青联','美术学院','公共艺术','151'),('2015212211007','江诗静','生命与环境科学学院','环境工程','153'),('2015212211008','何泱','理学院','信息与计算科学','152'),('2015212211009','方耀','体育与健康学院','休闲体育','152'),('2015212211010','薛新钰','医学院','口腔医学','152'),('2015212211011','张雪琪','材料与化学化工学院','化学专业（实验班）','153'),('2015212211012','郭朝伟','经济与管理学院','经济学','151'),('2015212211013','张沥文','杭州国际服务工程学院','软件工程','151'),('2015212211014','金子琳','医学院','公共事业管理（卫生事业管理方向）','142'),('2015212211015','岳俊峰','人文学院','汉语言文学（师范）（专升本）','151'),('2015212211016','陈佳涛','外国语学院','翻译','153'),('2015212211018','汤恩特','材料与化学化工学院','化学（师范）','151'),('2015212211019','毛征旺','文化创意学院','数字媒体艺术','151'),('2015212211020','陆豪毅','理学院','信息与计算科学','152'),('2015212211021','许佳婷','生命与环境科学学院','生物技术（专升本）','153'),('2015212211022','马源','材料与化学化工学院','应用化学（专升本）','151'),('2015212211024','丁晨宇','杭州国际服务工程学院','物联网工程','153'),('2015212211025','叶鸿宁','生命与环境科学学院','生物科学（师范）','151'),('2015212211026','王希雅','理学院','数学与应用数学（师范）','152'),('2015212211027','罗海豪','美术学院','公共艺术','151'),('2015212211028','韩刚','沈钧儒法学院','知识产权','151'),('2015212211029','史苗苗','材料与化学化工学院','应用化学','151'),('2015212211030','张旭彬','美术学院','视觉传达设计','152'),('2015212211031','王向阳','材料与化学化工学院','化学（师范）','153'),('2015212211032','吴朴芳','医学院','药学','153'),('2015212211033','宋佳凝','人文学院','人文教育（师范）','151'),('2015212211034','潘雅丽','经济与管理学院','经济学','151'),('2015212211035','苏冰航','沈钧儒法学院','知识产权','151'),('2015212211036','黎春','人文学院','汉语言文学（师范）（专升本）','153'),('2015212211037','杨镕徽','教育学院','音乐学（师范）','153'),('2015212211038','徐源檐','阿里巴巴商学院','市场营销（网络营销方向）','152'),('2015212211039','冯芮子炫','医学院','护理学','151'),('2015212211040','潘江阳','理学院','科学教育（师范）','152'),('2015212211041','叶尔根·赛尔汗','人文学院','人文教育（师范）','152'),('2015212211042','王晨','医学院','预防医学','152'),('2015212211043','谢媛媛','医学院','公共事业管理（卫生事业管理方向）','152'),('2015212211044','郑小涵','教育学院','艺术教育（师范）（三位一体）','152'),('2015212211045','王一博','杭州国际服务工程学院','计算机科学与技术（金融信息服务方向）','153'),('2015212211046','梁芝恩','杭州国际服务工程学院','计算机科学与技术（金融信息服务方向）','152'),('2015212211047','耿修江','杭州国际服务工程学院','计算机科学与技术专业','153'),('2015212211048','李春凤','人文学院','历史学（师范）','153'),('2015212211049','伍思洁','经济与管理学院','旅游管理（专升本）','152'),('2015212211050','丁勇','教育学院','教育技术学（师范）','152'),('2015212211051','郭睿','人文学院','汉语言文学（师范）（专升本）','152'),('2015212211052','郭晓蓓','理学院','数学与应用数学（师范）','152'),('2015212211053','范星梦','体育与健康学院','休闲体育','151'),('2015212211054','郁杰','美术学院','绘画','153'),('2015212211055','陈淑赟','阿里巴巴商学院','国际商务','152'),('2015212211056','顾科鑫','政治与社会学院','思想政治教育（师范）','151'),('2015212211057','施诗妍','理学院','应用物理学（专升本）','153'),('2015212211058','章宁','体育与健康学院','休闲体育','151'),('2015212211059','方强','文化创意学院','动画','152'),('2015212211060','朱坤轩','阿里巴巴商学院','市场营销（网络营销方向）','153'),('2015212211061','金彤','材料与化学化工学院','制药工程','152'),('2015212211062','吴嘉杰','材料与化学化工学院','高分子材料与工程','153'),('2015212211063','李英杰','人文学院','汉语言文学（师范）（专升本）','153'),('2015212211064','丁天奇','教育学院','艺术教育（师范）（三位一体）','153'),('2015212211065','方政聪','经济与管理学院','经济学','151'),('2015212211066','刘志强','医学院','公共事业管理（卫生事业管理方向）','152'),('2015212211067','刘淑婷','材料与化学化工学院','化学（师范）','153'),('2015212211068','徐芯蕊','理学院','数学与应用数学（师范）','151'),('2015212211069','肖志强','体育与健康学院','武术与民族传统体育（师范）','151'),('2015212211070','范佳乐','沈钧儒法学院','法学','153'),('2015212211071','杨帆','教育学院','音乐学（师范）','152'),('2015212211072','姜钰莹','杭州国际服务工程学院','计算机科学与技术专业','153'),('2015212211073','刘慧','教育学院','学前教育（师范）','153'),('2015212211074','董颖','医学院','公共事业管理（健康管理方向）','152'),('2015212211076','张保龄','美术学院','书法学','151'),('2015212211077','汪娅','教育学院','学前教育（师范）（专升本）','151'),('2015212211079','王志文','外国语学院','日语','152'),('2015212211080','张伟康','人文学院','历史学（师范）','151'),('2015212211081','它娜·阿合买提','教育学院','音乐学（师范）','152'),('2016210308009','陈俊卿','阿里巴巴商学院','电子商务（新疆班）','161'),('2016210401001','叶瑞滨','美术学院','书法学','161'),('2016210401002','林志伟','教育学院','音乐学（师范）','161'),('2016210401003','吴百惠','文化创意学院','数字媒体艺术','162'),('2016210401004','周桢定','医学院','药学','162'),('2016210401005','张雨晨','教育学院','学前教育（师范）','165'),('2016210401006','胡芷琦','医学院','公共事业管理（健康管理方向）','162'),('2016210401007','徐佳怡','阿里巴巴商学院','市场营销（网络营销方向）','162'),('2016210401008','陈媚','杭州国际服务工程学院','物联网工程','161'),('2016210401009','林雅','文化创意学院','动画','163'),('2016210401010','徐炫挺','材料与化学化工学院','高分子材料与工程','164'),('2016210401011','王雨欣','外国语学院','日语','164'),('2016210401012','叶雨欣','经亨颐学院','文科实验班','163'),('2016210401013','唐旭栋','材料与化学化工学院','应用化学','164'),('2016210401014','徐秦婷','体育与健康学院','体育教育（师范）','142'),('2016210401015','罗娟','经济与管理学院','旅游管理','152'),('2016210401016','黄君钏','生命与环境科学学院','食品质量与安全','163'),('2016210401017','黄文学','教育学院','教育技术学（师范）','163'),('2016210401018','叶露','生命与环境科学学院','食品质量与安全','162'),('2016210401019','顾颖爽','政治与社会学院','社会工作','163'),('2016210401020','徐迦勒','美术学院','环境设计','163'),('2016210401021','郑琳','理学院','应用统计学','161'),('2016210401022','胡凯','美术学院','书法学','165'),('2016210401023','陈乐依','人文学院','汉语言文学','164'),('2016210401024','郭孝雯','文化创意学院','动画','161'),('2016210401025','靳心雨','杭州国际服务工程学院','计算机科学与技术专业','162'),('2016210401026','陈娟','体育与健康学院','武术与民族传统体育（师范）','165'),('2016210401027','李佳文','理学院','信息与计算科学','161'),('2016210401028','张潇雪','经济与管理学院','旅游管理（专升本）','164'),('2016210401029','蔡百容','教育学院','舞蹈学（师范）','165'),('2016210402001','吴熙林','材料与化学化工学院','化学（师范）','162'),('2016210402002','关煜玮','理学院','陈建功实验班','165'),('2016210402003','宋杰','人文学院','人文教育（师范）','164'),('2016210402004','杜迁','材料与化学化工学院','高分子材料与工程','165'),('2016210402005','张颖','体育与健康学院','武术与民族传统体育（师范）','162'),('2016210402006','邱星宇','经亨颐学院','文科实验班','164'),('2016210402007','蒋祥','理学院','物理学（师范）','161'),('2016210402008','郭萱','理学院','数学与应用数学（师范）','161'),('2016210402009','潘伊妮','理学院','物理学（师范）','162'),('2016210402010','吴思楚','人文学院','历史学（师范）','161'),('2016210402011','姜鹏飞','医学院','药学','161'),('2016210402012','陈嘉南','理学院','应用物理学（专升本）','164'),('2016210402013','应仁豪','人文学院','人文教育（师范）','162'),('2016210402014','吴梦婷','医学院','药学','142'),('2016210402015','何熹','经亨颐学院','文科实验班','151'),('2016210402016','汤晓倩','理学院','科学教育（师范）','162'),('2016210402017','杜俞杰','材料与化学化工学院','高分子材料与工程','162'),('2016210402018','朱晨静','医学院','护理学','164'),('2016210402019','王辉','阿里巴巴商学院','电子商务（新疆班）','161'),('2016210402020','陈海烽','医学院','公共事业管理（健康管理方向）','162'),('2016210402022','麻晓聪','材料与化学化工学院','应用化学（专升本）','165'),('2016210402023','赵周','美术学院','环境设计','164'),('2016210402024','张珍','杭州国际服务工程学院','计算机科学与技术（金融信息服务方向）','161'),('2016210402025','朱锡能','政治与社会学院','思想政治教育（师范）','165'),('2016210402026','张琼','理学院','地理信息科学','163'),('2016210402027','王琛','外国语学院','翻译','162'),('2016210402028','许罗军','材料与化学化工学院','应用化学','161'),('2016210402029','项银伟','美术学院','视觉传达设计','165'),('2016210402030','于晨','医学院','临床医学','163'),('2016210402031','董江涛','阿里巴巴商学院','物流管理','164'),('2016210402032','毛扬军','外国语学院','翻译','163'),('2016210402033','于化鹏','教育学院','小学教育（师范）','164'),('2016210402034','周圣洁','沈钧儒法学院','知识产权','161'),('2016210402035','王继楠','体育与健康学院','体育教育（师范）','161'),('2016210402036','郭雪竹','文化创意学院','动画','161'),('2016210402038','曹廷','材料与化学化工学院','化学专业（实验班）','161'),('2016210402039','郝丹溪','沈钧儒法学院','知识产权','161'),('2016210402040','徐素','材料与化学化工学院','应用化学','161'),('2016210402041','胡玲洁','人文学院','汉语言文学（师范）（专升本）','165'),('2016210402043','叶冰洁','美术学院','视觉传达设计','161'),('2016210402044','王熠','外国语学院','翻译','162'),('2016210402045','贾博远','文化创意学院','动画','165'),('2016210402046','赵林燕','理学院','信息与计算科学','162'),('2016210402047','刘亚茹','经亨颐学院','文科实验班','162'),('2016210402048','徐航','生命与环境科学学院','食品质量与安全','162'),('2016210402049','李婷','人文学院','汉语言文学（师范）','163'),('2016210402050','王楚轩','外国语学院','英语（实验班）专业','164'),('2016210402051','陈光耀','人文学院','人文教育（师范）','161'),('2016210402052','张圆','医学院','临床医学','161'),('2016210402053','朱穆朗玛','教育学院','学前教育（师范）','164'),('2016210402054','黄江鹏','教育学院','特殊教育（师范）','164'),('2016210402055','程琳璐','人文学院','汉语言文学（师范）','162'),('2016210402056','吴蓉','经济与管理学院','金融工程','162'),('2016210402057','王媛媛','材料与化学化工学院','高分子材料与工程','162'),('2016210402058','魏蒙','材料与化学化工学院','制药工程','165'),('2016210402059','俞淑敏','政治与社会学院','思想政治教育（师范）','164'),('2016210402060','金逸斌','教育学院','学前教育（师范）','163'),('2016210402061','吴银杰','教育学院','艺术教育（师范）（三位一体）','163'),('2016210402062','汪平','沈钧儒法学院','法学','163'),('2016210402063','陈逸璇','医学院','口腔医学','161'),('2016210402064','陈宇航','体育与健康学院','体育教育（师范）','161'),('2016210402065','陈晗','外国语学院','英语（师范）','165'),('2016210402066','吴琦东','医学院','口腔医学','164'),('2016210402067','潘璟','人文学院','人文教育（师范）','164'),('2016210402068','吴宁涛','材料与化学化工学院','化学（师范）','161'),('2016210402069','王梓颍','医学院','公共事业管理（健康管理方向）','165'),('2016210402070','沈晓婷','外国语学院','英语（师范）','164'),('2016210402071','胡文彬','杭州国际服务工程学院','计算机科学与技术专业','161'),('2016210402072','吴钰鹏','文化创意学院','数字媒体艺术','161'),('2016210402073','黄红燕','医学院','公共事业管理（卫生事业管理方向）','164'),('2016210402074','王林冬','理学院','物理学（师范）','162'),('2016210402075','詹万年','美术学院','环境设计','163'),('2016210402076','郭亚杰','外国语学院','日语','164'),('2016210402077','郑源洪','美术学院','视觉传达设计','164'),('2016210402078','乐璟曦','美术学院','美术学（师范）','164'),('2016210402079','包雨萌','外国语学院','朝鲜语','161'),('2016210402080','张静','阿里巴巴商学院','电子商务（新疆班）','162'),('2016210402081','刘嘉欢','教育学院','教育技术学（师范）','161'),('2016210402082','罗静','教育学院','艺术教育（师范）（三位一体）','162'),('2016210402083','古丽娜尔·巴拉提','医学院','口腔医学','161'),('2016210402084','高慧慧','理学院','信息与计算科学','164'),('2016210402085','陈亮锜','阿里巴巴商学院','国际商务','163'),('2016210402086','曹佳莹','教育学院','舞蹈学（师范）','161'),('2016210402087','陈佳媚','阿里巴巴商学院','电子商务','161'),('2016210402088','霍雨佳','材料与化学化工学院','高分子材料与工程','165'),('2016210402089','王利青','医学院','公共事业管理（卫生事业管理方向）','163'),('2016210402090','郑天佑','经济与管理学院','会展经济与管理','163'),('2016210402091','盛晓晴','杭州国际服务工程学院','计算机科学与技术专业','163'),('2016210402092','邱天','外国语学院','英语（实验班）专业','161'),('2016210402093','徐伟踊','材料与化学化工学院','高分子材料与工程','164'),('2016210402094','蒋娇利','体育与健康学院','武术与民族传统体育（师范）','161'),('2016210402095','宋轶雯','材料与化学化工学院','应用化学','162'),('2016210402096','许佳丽','理学院','物理学（师范）','161'),('2016210402097','洪成杭','材料与化学化工学院','化学（师范）','164'),('2016210402098','陈敢','外国语学院','英语（师范）','163'),('2016210402100','范耿诚','生命与环境科学学院','食品质量与安全','162'),('2016210402101','周文渊','医学院','公共事业管理（卫生事业管理方向）','163'),('2016210402102','黄雨涛','美术学院','公共艺术','163'),('2016210402103','李晨璇','医学院','药学','165'),('2016210402104','徐烨雯','材料与化学化工学院','高分子材料与工程','161'),('2016210402105','张卓辉','医学院','预防医学','163'),('2016210402106','冯寅恺','阿里巴巴商学院','国际商务','164'),('2016210402108','汤馨洱','经济与管理学院','金融工程','163'),('2016210402109','裘心语','外国语学院','英语（师范）','164'),('2016210402110','王泽宇','美术学院','美术学（师范）','161'),('2016210402111','董佳晨','经济与管理学院','会展经济与管理','165'),('2016210402113','韩金铭','杭州国际服务工程学院','计算机科学与技术专业','162'),('2016210402115','卜梦丹','经济与管理学院','经济学','153'),('2016210402116','鲁赛飞','人文学院','汉语言文学','164'),('2016210402117','曹晶晶','杭州国际服务工程学院','物联网工程','163'),('2016210402118','管明艳','美术学院','视觉传达设计','161'),('2016210402119','王艺蓉','文化创意学院','数字媒体艺术','163'),('2016210402120','陆玥辛','经济与管理学院','旅游管理','165'),('2016210402121','王心逸','杭州国际服务工程学院','物联网工程','165'),('2016210402122','马天真','理学院','数学与应用数学（师范）','165'),('2016210402123','王鹤润','经济与管理学院','旅游管理（专升本）','165'),('2016210402124','杨松翰','外国语学院','翻译','163'),('2016210402125','王思淳','材料与化学化工学院','制药工程','163'),('2016210402126','付玉莹','理学院','应用物理学（专升本）','165'),('2016210402127','师小媛','理学院','地理信息科学','165'),('2016210402129','苏比努尔·麦合木提','生命与环境科学学院','生物科学（师范）','163'),('2016210402130','买日帕提·阿地力','生命与环境科学学院','食品质量与安全','164'),('2016210402131','阿衣扎达·依布拉依','杭州国际服务工程学院','软件工程','163'),('2016210405001','张权威','沈钧儒法学院','法学','163'),('2016210405002','张鑫','教育学院','教育技术学（师范）','164'),('2016210405003','邹凯旋','杭州国际服务工程学院','计算机科学与技术（师范）','163'),('2016210405004','张文迪','经济与管理学院','旅游管理（专升本）','162'),('2016210405005','赵晨婷','经济与管理学院','会展经济与管理','165'),('2016210405006','周昊成','生命与环境科学学院','生物科学（师范）','161'),('2016210405007','吴兴河','医学院','预防医学','165'),('2016210405008','余序宜','体育与健康学院','武术与民族传统体育（师范）','163'),('2016210405009','江艺璇','医学院','预防医学','165'),('2016210405010','黄文俊','材料与化学化工学院','应用化学（专升本）','161'),('2016210405011','张吉锋','美术学院','书法学','165'),('2016210405013','毛泽涛','美术学院','公共艺术','162'),('2016210405014','蒋巨锋','教育学院','学前教育（师范）','142'),('2016210405016','张立辉','政治与社会学院','社会工作','164'),('2016210405017','黄雍栋','医学院','公共事业管理（卫生事业管理方向）','161'),('2016210405018','项延发','阿里巴巴商学院','物流管理','162'),('2016210405019','缪立杰','教育学院','小学教育（师范）','162'),('2016210405020','陈再捷','理学院','信息与计算科学','163'),('2016210405021','陈茸茸','材料与化学化工学院','化学专业（实验班）','161'),('2016210405022','娄瑶迪','材料与化学化工学院','化学专业（实验班）','162'),('2016210405023','孟欣','外国语学院','英语（师范）','162'),('2016210405024','蒋铿','美术学院','环境设计','162'),('2016210405026','陈双宇','外国语学院','朝鲜语','161'),('2016210405027','陈哲野','人文学院','汉语国际教育','163'),('2016210405028','揭晓文','文化创意学院','动画','162'),('2016210405029','王邵赟','杭州国际服务工程学院','软件工程','163'),('2016210405030','宋奕','政治与社会学院','社会工作','165'),('2016210405031','高伟豪','阿里巴巴商学院','国际商务','161'),('2016210405032','陈文菲','教育学院','小学教育（师范）','165'),('2016210405033','张凯庆','理学院','信息与计算科学','164'),('2016210405034','贺文涵','教育学院','学前教育（师范）（专升本）','163'),('2016210405035','高志丹','外国语学院','翻译','165'),('2016210405036','杨栩','理学院','物理学（师范）','165'),('2016210405037','付朝燕','人文学院','汉语国际教育','163'),('2016210405038','陈兴通','教育学院','学前教育（师范）','164'),('2016210405039','姚思杞','医学院','公共事业管理（健康管理方向）','165'),('2016210405041','张祥','经济与管理学院','金融工程','163'),('2016210405042','齐聪聪','生命与环境科学学院','食品质量与安全','163'),('2016210405043','罗淳','理学院','信息与计算科学','164'),('2016210405044','马海强','经济与管理学院','经济学','161'),('2016210405045','王胤凯','外国语学院','英语（实验班）专业','162'),('2016210405046','张凡','教育学院','小学教育（师范）','163'),('2016210405047','周渊博','教育学院','特殊教育（师范）','162'),('2016210405048','祝夏云','人文学院','汉语言文学（师范）','164'),('2016210405049','梅思远','医学院','公共事业管理（健康管理方向）','163'),('2016210405050','叶艳洁','政治与社会学院','思想政治教育（师范）','161'),('2016210405051','徐鑫雨','经济与管理学院','旅游管理','164'),('2016210405052','孔昊东','外国语学院','朝鲜语','164'),('2016210405053','李博乐','医学院','护理学','164'),('2016210405054','陶娣','阿里巴巴商学院','电子商务','162'),('2016210405055','吴震','人文学院','汉语言文学（师范）','165'),('2016210405056','程广友','人文学院','汉语言文学（师范）（专升本）','164'),('2016210405057','章薇','人文学院','汉语言文学（师范）（专升本）','165'),('2016210405058','王鑫','医学院','临床医学','163'),('2016210405059','陈其快','美术学院','环境设计','164'),('2016210405060','杨德杰','教育学院','舞蹈学（师范）','165'),('2016210405062','陈铭璇','材料与化学化工学院','应用化学','162'),('2016210405063','郑柳','杭州国际服务工程学院','软件工程','161'),('2016210405064','李帆顺','教育学院','应用心理学','163'),('2016210405065','李伊宁','教育学院','教育技术学（师范）','161'),('2016210405067','干臻原','生命与环境科学学院','生物科学（师范）','162'),('2016210405068','钱根','美术学院','公共艺术','161'),('2016210405069','顾晨俊','经亨颐学院','文科实验班','161'),('2016210405070','张承成','阿里巴巴商学院','电子商务','163'),('2016210405072','周威炜','理学院','应用统计学','165'),('2016210405073','任亚伟','体育与健康学院','武术与民族传统体育（师范）','162'),('2016210405074','万峰','材料与化学化工学院','应用化学','163'),('2016210405075','吴佳琪','外国语学院','日语','164'),('2016210405076','彭艳','文化创意学院','动画','165'),('2016210405077','谢强','外国语学院','日语','164'),('2016210405078','王绎朝','理学院','信息与计算科学','163'),('2016210405079','陈贵婷','美术学院','绘画','161'),('2016210405080','陈豪','经济与管理学院','会展经济与管理','163'),('2016210405081','王秸','外国语学院','英语（实验班）专业','165'),('2016210405082','米尔阿地里·托合提','医学院','公共事业管理（健康管理方向）','163'),('2016210904018','李道瑞','医学院','公共事业管理（健康管理方向）','163'),('2016212211002','王晨阳','人文学院','汉语言文学','164'),('2016212211003','李紫璇','阿里巴巴商学院','市场营销（网络营销方向）','163'),('2016212211004','尤晟仰','杭州国际服务工程学院','软件工程','164'),('2016212211005','周紫玲','医学院','公共事业管理（健康管理方向）','164'),('2016212211006','唐子棋','材料与化学化工学院','化学（师范）','165'),('2016212211007','何子欣','人文学院','汉语言文学（师范）','162'),('2016212211008','徐学燕','教育学院','特殊教育（师范）','162'),('2016212211009','张艳','文化创意学院','数字媒体艺术','165'),('2016212211010','汪昊阳','人文学院','汉语言文学','165'),('2016212211011','杨一卓','外国语学院','英语（师范）','163'),('2016212211012','何文欣','外国语学院','英语（师范）','161'),('2016212211013','张志','杭州国际服务工程学院','计算机科学与技术专业','163'),('2016212211014','崔宇航','体育与健康学院','休闲体育','142'),('2016212211015','褚文泽','杭州国际服务工程学院','计算机科学与技术（金融信息服务方向）','152'),('2016212211016','陈琼芳','外国语学院','英语','164'),('2016212211017','徐苑露','美术学院','书法学','165'),('2016212211018','刘子鑫','体育与健康学院','体育教育（师范）','163'),('2016212211019','陈小东','教育学院','教育技术学（师范）','161'),('2016212211020','陈上楠','经济与管理学院','经济学','165'),('2016212211021','田佳昀','理学院','数学与应用数学（师范）','161'),('2016212211022','翟佳欣','教育学院','教育技术学（师范）','163'),('2016212211023','王逸翔','医学院','公共事业管理（健康管理方向）','164'),('2016212211024','任芸','教育学院','舞蹈学（师范）','161'),('2016212211025','季节','教育学院','音乐学（师范）','165'),('2016212211026','胡馨之','沈钧儒法学院','知识产权','164'),('2016212211027','陈晓鹏','政治与社会学院','思想政治教育（师范）','163'),('2016212211029','徐楚臻','理学院','物理学（师范）','164'),('2016212211030','李炯军','外国语学院','朝鲜语','165'),('2016212211031','金嘉辉','材料与化学化工学院','应用化学（专升本）','163'),('2016212211032','王永鑫','生命与环境科学学院','环境工程','164'),('2016212211033','郑家宝','外国语学院','英语（实验班）专业','165'),('2016212211034','热依拉木·买买提','杭州国际服务工程学院','计算机科学与技术（金融信息服务方向）','165'),('2016212211035','李倩','杭州国际服务工程学院','软件工程','161'),('2016212211036','彭磊','生命与环境科学学院','生物技术','164'),('2016212211037','李茂联','外国语学院','朝鲜语','164'),('2016212211038','姚琛琪','阿里巴巴商学院','市场营销（网络营销方向）','163'),('2016212211040','林君伟','美术学院','书法学','164'),('2016212211041','刘跃','教育学院','音乐学（师范）','164'),('2016212211042','刘雅岚','美术学院','视觉传达设计','165'),('2016212211043','汪猛','外国语学院','翻译','164'),('2016212211044','胡小蝶','杭州国际服务工程学院','计算机科学与技术（师范）','162'),('2016212211046','丁功春','人文学院','人文教育（师范）','163'),('2016212211047','朱荣','经济与管理学院','会展经济与管理','165'),('2016212211048','王玥','阿里巴巴商学院','电子商务（新疆班）','163'),('2016212211049','杨顺有','材料与化学化工学院','应用化学','165'),('2016212211050','王睿红','人文学院','历史学（师范）','161'),('2016212211051','杨智闻','医学院','药学','164'),('2016212211052','孙斓桠','教育学院','小学教育（师范）','163'),('2016212211053','王威','理学院','地理信息科学','161'),('2016212211054','李超','杭州国际服务工程学院','物联网工程','164'),('2016212211055','叶凯航','生命与环境科学学院','生物技术（专升本）','162'),('2016212211056','韦昌宏','生命与环境科学学院','生物科学（师范）','162'),('2016212211057','刘兰敏','材料与化学化工学院','高分子材料与工程','164'),('2016212211058','张钧浩','美术学院','美术学（师范）','161'),('2016212211059','陈鸿历','材料与化学化工学院','应用化学（专升本）','161'),('2016212211060','李泽恒','杭州国际服务工程学院','计算机科学与技术（师范）','164'),('2016212211061','王科智','生命与环境科学学院','生物技术','163'),('2016212211062','冯馨莹','体育与健康学院','休闲体育','164'),('2016212211063','杨日洁','体育与健康学院','武术与民族传统体育（师范）','163'),('2016212211064','刘春江','材料与化学化工学院','高分子材料与工程','164'),('2016212211065','刘思辰','经济与管理学院','金融工程','161'),('2016212211066','于乔侃','体育与健康学院','体育教育（师范）','164'),('2016212211067','邱飚','外国语学院','翻译','164'),('2016212211069','郑叶虎','经济与管理学院','旅游管理（专升本）','163'),('2016212211070','田家钏','阿里巴巴商学院','电子商务（新疆班）','165'),('2016212211071','张嘉盛','政治与社会学院','思想政治教育（师范）','165'),('2016212211072','杨剑','美术学院','视觉传达设计','163'),('2016212211075','阿依尼哥尔·克依木','文化创意学院','文化产业管理','161'),('2016212211076','曾若云','人文学院','汉语国际教育','163'),('2016212211077','万理','教育学院','特殊教育（师范）','161'),('2016212211079','傅鑫','人文学院','汉语言文学（师范）（专升本）','162'),('2016940000046','陈莉','阿里巴巴商学院','市场营销（网络营销方向）','164'),('2016940000047','何先','生命与环境科学学院','环境工程','161'),('2016940000048','李海艳','体育与健康学院','武术与民族传统体育（师范）','165'),('2016940000049','郑梦','生命与环境科学学院','生物技术（专升本）','162'),('2016940000060','邓高峰','政治与社会学院','社会工作','165');
/*!40000 ALTER TABLE `student` ENABLE KEYS */;
UNLOCK TABLES;

--
-- Table structure for table `teacher`
--

DROP TABLE IF EXISTS `teacher`;
/*!40101 SET @saved_cs_client     = @@character_set_client */;
/*!40101 SET character_set_client = utf8 */;
CREATE TABLE `teacher` (
  `user_id` varchar(20) NOT NULL,
  `user_name` varchar(50) NOT NULL,
  `teacher_degree` varchar(20) NOT NULL,
  `teacher_bachelor` varchar(20) NOT NULL,
  `teacher_major` varchar(20) NOT NULL,
  PRIMARY KEY (`user_id`),
  UNIQUE KEY `user_id_UNIQUE` (`user_id`)
) ENGINE=InnoDB DEFAULT CHARSET=utf8;
/*!40101 SET character_set_client = @saved_cs_client */;

--
-- Dumping data for table `teacher`
--

LOCK TABLES `teacher` WRITE;
/*!40000 ALTER TABLE `teacher` DISABLE KEYS */;
INSERT INTO `teacher` VALUES ('10000001','石兴民1','B','博士','专业2');
/*!40000 ALTER TABLE `teacher` ENABLE KEYS */;
UNLOCK TABLES;

--
-- Table structure for table `team`
--

DROP TABLE IF EXISTS `team`;
/*!40101 SET @saved_cs_client     = @@character_set_client */;
/*!40101 SET character_set_client = utf8 */;
CREATE TABLE `team` (
  `team_id` varchar(20) NOT NULL,
  `team_name` varchar(50) NOT NULL,
  `team_dependent_unit` varchar(20) NOT NULL,
  `team_teacher` varchar(20) DEFAULT NULL,
  `team_principal` varchar(20) NOT NULL,
  `team_introduction` varchar(200) DEFAULT NULL,
  `team_state` varchar(20) NOT NULL,
  PRIMARY KEY (`team_id`)
) ENGINE=InnoDB DEFAULT CHARSET=utf8;
/*!40101 SET character_set_client = @saved_cs_client */;

--
-- Dumping data for table `team`
--

LOCK TABLES `team` WRITE;
/*!40000 ALTER TABLE `team` DISABLE KEYS */;
INSERT INTO `team` VALUES ('123','Burning','123','10000001','2015210405042','<p style=\"text-align: center;\"><b>​I Konw More For You</b></p><p></p><div><ol><li><b><font color=\"#c24f4a\">First</font></b></li></ol></div><p></p>','可用'),('124','Another','123','10000001','2015210405058','<p style=\"text-align: center;\"><b>​Another</b><br></p><p style=\"text-align: left;\">&nbsp; &nbsp; 很高心你能遇见另一个自己​！<b><br></b></p>','可用');
/*!40000 ALTER TABLE `team` ENABLE KEYS */;
UNLOCK TABLES;

--
-- Table structure for table `team_identity`
--

DROP TABLE IF EXISTS `team_identity`;
/*!40101 SET @saved_cs_client     = @@character_set_client */;
/*!40101 SET character_set_client = utf8 */;
CREATE TABLE `team_identity` (
  `identity_name` varchar(50) NOT NULL,
  PRIMARY KEY (`identity_name`)
) ENGINE=InnoDB DEFAULT CHARSET=utf8;
/*!40101 SET character_set_client = @saved_cs_client */;

--
-- Dumping data for table `team_identity`
--

LOCK TABLES `team_identity` WRITE;
/*!40000 ALTER TABLE `team_identity` DISABLE KEYS */;
/*!40000 ALTER TABLE `team_identity` ENABLE KEYS */;
UNLOCK TABLES;

--
-- Table structure for table `team_student`
--

DROP TABLE IF EXISTS `team_student`;
/*!40101 SET @saved_cs_client     = @@character_set_client */;
/*!40101 SET character_set_client = utf8 */;
CREATE TABLE `team_student` (
  `team_id` varchar(20) NOT NULL,
  `user_id` varchar(20) NOT NULL,
  `add_time` date NOT NULL,
  `leave_time` date DEFAULT NULL,
  `is_in_service` tinyint(4) DEFAULT '1' COMMENT '是否在团队中，是为 1，否为 0',
  PRIMARY KEY (`team_id`,`user_id`)
) ENGINE=InnoDB DEFAULT CHARSET=utf8;
/*!40101 SET character_set_client = @saved_cs_client */;

--
-- Dumping data for table `team_student`
--

LOCK TABLES `team_student` WRITE;
/*!40000 ALTER TABLE `team_student` DISABLE KEYS */;
INSERT INTO `team_student` VALUES ('123','2015210405042','2017-09-01',NULL,1),('123','2015210405043','2017-09-01',NULL,1);
/*!40000 ALTER TABLE `team_student` ENABLE KEYS */;
UNLOCK TABLES;

--
-- Table structure for table `user`
--

DROP TABLE IF EXISTS `user`;
/*!40101 SET @saved_cs_client     = @@character_set_client */;
/*!40101 SET character_set_client = utf8 */;
CREATE TABLE `user` (
  `user_id` varchar(20) NOT NULL,
  `user_name` varchar(50) NOT NULL,
  `user_pwd` varchar(200) NOT NULL,
  `user_sex` varchar(1) NOT NULL,
  `user_mail` varchar(50) DEFAULT NULL,
  `user_phone` varchar(20) DEFAULT NULL,
  `account_state` varchar(20) NOT NULL DEFAULT '待审核' COMMENT '账号状态： 待审核、可用、不可用',
  `user_identity` varchar(10) NOT NULL COMMENT '用户类型：学生、教师、企业及其他人员等，外键至user_identity表',
  PRIMARY KEY (`user_id`),
  UNIQUE KEY `student_id_UNIQUE` (`user_id`)
) ENGINE=InnoDB DEFAULT CHARSET=utf8;
/*!40101 SET character_set_client = @saved_cs_client */;

--
-- Dumping data for table `user`
--

LOCK TABLES `user` WRITE;
/*!40000 ALTER TABLE `user` DISABLE KEYS */;
INSERT INTO `user` VALUES ('10000001','石兴民1','12345','女','1147816814@qq.com','18606525601','可用','教师'),('2000001','HHH','12345','男','MVPt1Ka8Jn@163.com','13221835405','可用','企业'),('2014210769','徐佳12','123456','女','q8m38j8QSetbDNISS@139.com','15957159006','不可用','学生'),('2014210772','凌佳丽*change','123456','男','Wi66m_7o@126.com','15336555739','可用','学生'),('2014210779','戴思敏','123456','女','5irojq6u@139.com','13867468943','可用','学生'),('2014210780','汪磊蕾','123456','女','j2m3ct80A4rQ9Y_d3@gmail.com','13588353511','可用','学生'),('2014210798','朱姝奇1','12345','女','89N4KBXh6@yeah.com','15925637821','可用','学生'),('2014210801','王小迎','123456','男','Pv1eF4CCN4GrY@139.com','14522043569','可用','学生'),('2014210805','王晓安','123456','女','s2Us0WDnrDq0Px@139.com','18958152267','可用','学生'),('2014210812','陈行','123456','女','JV31JSlB2@gmail.com','13116797047','可用','学生'),('2014210815','董梦倩','12345','女','MVPt1Ka8Jn@163.com','13221835405','可用','学生'),('2014210819','高烨','123456','女','sfFjd1gfoU1dSP1@163.com','13355715901','可用','学生'),('2014210820','祝力炀','123456','女','n9pPX092a7@hotmail.com','13221095879','可用','学生'),('2014210821','蒋瞿黎','123456','女','XNSXT3hB@yeah.com','14757110896','可用','学生'),('2014210834','陈枭磊','123456','男','Q8XYp2rSM8_95v2B@126.com','13646863822','可用','学生'),('2014210839','汤怡雯','123456','女','UyjYq21XCTHiIvC6F_@yeah.com','15858123372','可用','学生'),('2014210852','杨丽佳','123456','男','KKEeFW1@gmail.com','13003670031','可用','学生'),('2014210855','朱佳丽','123456','男','FlIQtvboggW@139.com','15068759672','可用','学生'),('2014210861','胡佳丽','123456','女','0M4NuH1@163.com','18969011119','可用','学生'),('2014210862','戴国斌','123456','男','dqGZCuL@gmail.com','15268567202','可用','学生'),('2014210868','杨坤丽','123456','女','y02v95oXqg4B@126.com','13372563146','可用','学生'),('2014210878','陈彦凯','123456','女','cZ1JOG3MVN3f@139.com','13588482667','可用','学生'),('2014210887','倪建炜','123456','女','7R8Qsu9pu6Uqe@hotmail.com','15158068809','可用','学生'),('2014210904','姚天鹏','123456','男','Xi44XD31@139.com','18858157197','可用','学生'),('2014210910','顾杭倩','123456','男','1w2h62qr@yeah.com','13858085777','可用','学生'),('2014210926','魏聪','123456','男','Z84q687S1HTxz@126.com','18767143893','可用','学生'),('2014210928','姚伟','123456','男','cj_H0cTBS647U@163.com','13906711495','可用','学生'),('2014210930','王岚婷','123456','男','WnQM69@yeah.com','15988809507','可用','学生'),('2014210931','何申鹏','123456','女','ixCdT_eBpPtkd@139.com','13867196455','可用','学生'),('2014210939','胡启帆','123456','女','YY7Mst2jD8n8l1u1tx@gmail.com','13819488299','可用','学生'),('2014210940','董惠','123456','女','YevapXMrf6QVz@yeah.com','13857135757','可用','学生'),('2014210943','翁倩','123456','女','Oh5SlmzFtqkn@hotmail.com','13666636049','可用','学生'),('2014210946','莫佳丽','123456','男','G7Wv9ZL7QO@yeah.com','18757589707','可用','学生'),('2014210948','季奔','123456','女','TftAX6dWpTnAo4qtv@yeah.com','13148369728','可用','学生'),('2014210950','穆永晖','123456','女','XJ3cmE504n1X@163.com','13067858292','可用','学生'),('2014210951','储蓄','123456','女','_f57blkTOJM@gmail.com','18758280591','可用','学生'),('2014210953','王小建','123456','女','7K3DMt8z9f@126.com','13588241864','可用','学生'),('2014210961','陈阳杰','123456','男','D4cvrK@139.com','13588409972','可用','学生'),('2014210972','汤凯凯','123456','男','ZO600PS7Vk215T@gmail.com','13335880728','可用','学生'),('2014210973','胡正阳','123456','男','Jo1UbO1VZ3fGL@hotmail.com','15267008969','可用','学生'),('2014210988','黄佳炜','123456','女','w50wDzdViI5@163.com','18814866085','可用','学生'),('2014210993','胡云川','123456','男','pMfsa19xwKPM@163.com','13800689961','可用','学生'),('2014210997','冯银强','123456','女','YoBZ9zD92xen_toY_@163.com','15824440398','可用','学生'),('2014210998','马吴渊','123456','女','3Rs0oU@126.com','15257160704','可用','学生'),('2014210999','王雯霞','123456','男','47YI9_@163.com','13216148899','可用','学生'),('2014211003','邬梦锡','123456','女','ku2VzF@163.com','13819116129','可用','学生'),('2014211011','姚碧玲','123456','男','Kkrhf1q33A@yeah.com','18267123263','可用','学生'),('2014211017','阮黎文','123456','男','RD6oadwJl85@hotmail.com','18657164163','可用','学生'),('2014211031','余炳皞','123456','男','7hdnUazy@gmail.com','13515818956','可用','学生'),('2014211033','颜惠玲','123456','男','hmkU8O3WH371SMiT@139.com','15267137885','可用','学生'),('2014211035','孙凯玲','123456','男','k3GUD1JwfPyTY@126.com','18768128138','可用','学生'),('2014211047','倪倩烨','123456','男','5ly7m8@hotmail.com','18758866927','可用','学生'),('2014211049','郑璐璐','123456','男','jU_u00U1@126.com','18958145641','可用','学生'),('2014211051','郑姣明','123456','女','YtrHNtFPD3u@gmail.com','15268843295','可用','学生'),('2014211052','崔玉卿','123456','女','gm0etkgj@126.com','13306813334','可用','学生'),('2014211057','叶佳楠','123456','女','8_VmR0H4k62onv6@126.com','13634128428','可用','学生'),('2014211061','柴玉华','123456','男','Nf4fS6V3YTC9lY@yeah.com','13175005962','可用','学生'),('2014211073','石樱','123456','男','RJ5BxL@gmail.com','13018993896','可用','学生'),('2014211081','曹凯强','123456','女','eaN2fm3e@126.com','15500388454','可用','学生'),('2014211091','王劲东','123456','女','4VqsTxuGS55j@yeah.com','14724224511','可用','学生'),('2014211100','郑璐璐','123456','男','53bt08FdwqsjE@yeah.com','13173610986','可用','学生'),('2014211112','孔庆男','123456','男','M3BeniS71BH5dN1G7@163.com','13656648578','可用','学生'),('2014211114','张文俊','123456','男','QnBNaL@hotmail.com','15868139833','可用','学生'),('2014211116','骆金参','123456','女','7r3V6jCiyB3a1@hotmail.com','18758028067','可用','学生'),('2014211123','卢宁','123456','男','xH2RoeP@163.com','13248447228','可用','学生'),('2014211131','乐佳琨','123456','男','YJATD1HXVY5QG8JRa@139.com','15724968713','可用','学生'),('2014211136','翁超','123456','女','bf1tzkx5knpmC3WG@126.com','13221054404','可用','学生'),('2014211139','严莹洁','123456','男','3B5YAz1LeFO@yeah.com','18758242448','可用','学生'),('2014211140','王磊','123456','男','1zc88o3twhICPm@139.com','15267437647','可用','学生'),('2014211141','张昌安','123456','女','YuIi723e@139.com','13606538311','可用','学生'),('2014211151','李高锋','123456','女','kV1y1SR98bXAsM@163.com','13757133188','可用','学生'),('2014211156','郭佳薇','123456','男','5AxfRb9pPBefcd@163.com','15088659399','可用','学生'),('2014211159','叶磊','123456','男','E8T8wID1@yeah.com','13185048361','可用','学生'),('2014211160','方嘉裕','123456','男','ajyaQVE3zUrO0nW@gmail.com','15669950985','可用','学生'),('2014211161','杨凤丽','123456','男','b9vy3vwtKDhDRNxI0@gmail.com','13175059096','可用','学生'),('2014211164','蔡舒翔','123456','女','8IswrYOlZNjPgKNnn@yeah.com','15355096556','可用','学生'),('2014211168','蔡婉然','123456','男','6Eq_78y3j1I6DU@126.com','15088773006','可用','学生'),('2014211172','梅子涵','123456','女','CosgD560LVv22P@126.com','18857861951','可用','学生'),('2014211176','周齐增','123456','男','1Z1EIdoBNM2PSR@163.com','15314649938','可用','学生'),('2014211178','吴永涵','123456','男','hYv9jgExmOB@hotmail.com','15157134654','可用','学生'),('2014211182','邵佳靓','123456','男','RTdx4GD55@139.com','15157106798','可用','学生'),('2014211183','孙琦林','123456','女','6CtR5OaU7m@126.com','15658889321','可用','学生'),('2014211184','陈欣','123456','男','HlYP40A50@gmail.com','18258250086','可用','学生'),('2014211186','周至强','123456','女','9JOHAxI@163.com','15888879386','可用','学生'),('2014211189','王武','123456','男','TjrKa8KTy@gmail.com','13034206208','可用','学生'),('2014211192','陈余余','123456','男','O_FIk0KB8Pw6@139.com','18966190549','可用','学生'),('2014211195','吴莹莹','123456','女','1nVLQQJ@yeah.com','13968068056','可用','学生'),('2014211197','陈曼','123456','女','yMuB4NMiNKEnMy14k@yeah.com','13396539934','可用','学生'),('2014211204','章赛凤','123456','女','bOESHXLl@gmail.com','13646843524','可用','学生'),('2014211207','朱凌波','123456','女','Vw2VYj@gmail.com','13093726401','可用','学生'),('2014211210','郑宇静','123456','女','e7R147Og022o@yeah.com','13735828479','可用','学生'),('2014211214','金阳','123456','男','GR0Vv8C@126.com','13456941121','可用','学生'),('2014211217','李言知','123456','女','hRmKOrqO5Gz8N028@gmail.com','13357188198','可用','学生'),('2014211220','李娜','123456','男','3ICirCjo@gmail.com','18757158298','可用','学生'),('2014211222','戴欣妤','123456','男','sTUIw8076ca49G@gmail.com','14724337406','可用','学生'),('2014211223','黄婷婷','123456','男','l12Lz5Lh62zsW7T2@gmail.com','15268831906','可用','学生'),('2014211225','林欧亚','123456','男','x_sr3C22n_fnbcYSG@126.com','13336069737','可用','学生'),('2014211232','朱朝乾','123456','女','1gRgY3hWTZD@yeah.com','13967145036','可用','学生'),('2014211242','沈林杰','123456','男','g3H3xESabS26zG7@139.com','13235810255','可用','学生'),('2014211248','黄思方','123456','女','8xi489GMWq@hotmail.com','18969183936','可用','学生'),('2014211254','徐斌','123456','女','nPu9AIBLWI8ai@yeah.com','15356125306','可用','学生'),('2014211256','黄冰彬','123456','男','U49WgNuj@139.com','13735427136','可用','学生'),('2014211259','林德华','123456','男','ou0pj75xQ1lDn@139.com','18967185677','可用','学生'),('2014211267','叶城','123456','女','LTig0rE46@hotmail.com','15314676257','可用','学生'),('2014211277','谢素芳','123456','男','U5VdZ7KEDqL8LTWa@126.com','15868847247','可用','学生'),('2014211285','项依文','123456','男','wL8fhwMHdM@gmail.com','15336589097','可用','学生'),('2014211294','曾瑞宇','123456','男','KP40BtnxWD157@139.com','13208017026','可用','学生'),('2014211301','郑明明','123456','男','yz5iFbz9C9maNHQkx@126.com','13357121402','可用','学生'),('2014211305','李恒','123456','女','Mi7T1Q@hotmail.com','15005813009','可用','学生'),('2014211307','余德利','123456','男','Os8t7QK6_ulaVY0z4@163.com','15355019229','可用','学生'),('2014211313','陈晨晨','123456','男','mhvhI907v7ajahR2@163.com','13484020482','可用','学生'),('2014211316','戴鄂丰','123456','女','FHicxiQI@139.com','18857112184','可用','学生'),('2014211325','于月清','123456','女','rpEq5xveUNmiknx@163.com','13600538427','可用','学生'),('2014211326','姚嘉昱','123456','男','57vVdqhIIuFtM9Nq@hotmail.com','13735456058','可用','学生'),('2014211327','谭书涛','123456','女','IE_hDn@yeah.com','13735522578','可用','学生'),('2014211328','王子欣','123456','男','MqM5OL@hotmail.com','13732290301','可用','学生'),('2014211329','盛艳','123456','男','0pFt20QCA0W0zqrd@yeah.com','13282037038','可用','学生'),('2014211332','王欢','123456','男','87_GYuO1n4U_WH5@hotmail.com','15657130912','可用','学生'),('2014211349','吴俊杰','123456','女','4o5_Y7UHXNMl@139.com','18906537765','可用','学生'),('2014211365','卢俊杰','123456','女','IvHjqz7gYC7qIz0@163.com','18966488978','可用','学生'),('2014211369','蔡彦萍','123456','女','b1q3f33gT@126.com','13148473371','可用','学生'),('2014211371','张梦婕','123456','女','KEt1ks@gmail.com','14724186513','可用','学生'),('2014211376','施烨锋','123456','女','Q2cgzgm@163.com','13336144687','可用','学生'),('2014211377','汤佳威','123456','女','4P2N15w9CQe8e@yeah.com','13575455872','可用','学生'),('2014211378','黄煜鑫','123456','女','eCUgP6ZX2Zg5K2WS@gmail.com','15558176241','可用','学生'),('2014211381','钱佳萍','123456','女','hqX_3RDL@yeah.com','13757148212','可用','学生'),('2014211385','潘祎凡','123456','女','rfgD3vL61aC@yeah.com','13250823908','可用','学生'),('2014211392','施婷瑜','123456','女','WjTd3NgC1lV8p8@126.com','14724881958','可用','学生'),('2014211396','陈莹','123456','男','azwt3SwHR0H6gJ@yeah.com','13588090194','可用','学生'),('2014211397','茅蓉蓉','123456','女','QKhpmzqE6q@hotmail.com','13362101424','可用','学生'),('2014211400','闻诗佳','123456','女','Dszb4vn3R0y7_05@126.com','15869025176','可用','学生'),('2014211401','赵悦','123456','男','6nkns7l_1jR@139.com','13777405443','可用','学生'),('2014211409','吴围围','123456','女','K2L6u8Ck@gmail.com','13858095472','可用','学生'),('2014211414','王伟佳','123456','女','0xtJLjcSpnPJhQt@163.com','13777384941','可用','学生'),('2014211417','杭煜','123456','男','NA5EM7P7d7ierUd@yeah.com','18767185302','可用','学生'),('2014211420','黄益华','123456','女','p183cd9DdAnF@163.com','13429124326','可用','学生'),('2014211426','叶宇航','123456','女','rESfo3utzXW6D30P@hotmail.com','13067987577','可用','学生'),('2014211436','蔡梦璋','123456','男','Ba3fYQSxdmK2xO30@126.com','15968805974','可用','学生'),('2014211440','王卓炜','123456','男','4w9GdwbZnI@gmail.com','13606546372','可用','学生'),('2014211441','戚一','123456','女','z_W7FLILGPqo4@163.com','18968184922','可用','学生'),('2014211442','阮嘉伟','123456','男','Wp4O88GA2v9hO@hotmail.com','13588344831','可用','学生'),('2014211443','俞梦泽','123456','男','MaHjjfKlb@hotmail.com','14724413801','可用','学生'),('2014211459','何林波','123456','男','Jt01JzL2jV@gmail.com','13456795687','可用','学生'),('2014211463','陶安妮','123456','男','tn4ih4a@hotmail.com','13655712657','可用','学生'),('2014211466','张晨佳','123456','女','vE4T8v79hT_iPjab@126.com','15858289769','可用','学生'),('2014211468','胡麒阳','123456','女','3ClKlsf80WVthf1L@163.com','13185005912','可用','学生'),('2014211470','阮佳裕','123456','女','kMy_dkLB@139.com','15356671493','可用','学生'),('2014211487','孙宏扬','123456','男','542C85dc00@gmail.com','13282006996','可用','学生'),('2014211500','王惠瑛','123456','女','Jl3L0e9TKe86@yeah.com','13067874335','可用','学生'),('2014211512','王亚妮','123456','男','OlL47wKuP2sG@gmail.com','15869015074','可用','学生'),('2014211517','陈吉','123456','女','3KfUf623jf@126.com','15168424538','可用','学生'),('2014211522','李梦婷','123456','女','ragsh63X@126.com','13868070591','可用','学生'),('2014211523','何佳妮','123456','男','xnxFF4V9Yb5g@gmail.com','13282114372','可用','学生'),('2014211526','宋甜','123456','女','cmWH7r6_T3@yeah.com','13758130258','可用','学生'),('2014211536','孙立钢','123456','女','WN5aMLpI032@163.com','14757103909','可用','学生'),('2014211543','裘方圆','123456','男','20TU7oUKYEb5Em@gmail.com','13148436075','可用','学生'),('2014211551','何佳红','123456','女','MAJGp292iZrbWnF@hotmail.com','13957161387','可用','学生'),('2014211557','许林杰','123456','女','4UeOlzAU2WoQ@yeah.com','13073622644','可用','学生'),('2014211559','寿喆佶','123456','男','Z60PzUc5v9@163.com','13335717697','可用','学生'),('2014211561','郭佳媛','123456','女','RD3KrL7N615l@139.com','15257112896','可用','学生'),('2014211566','黄巧莹','123456','男','tAciNhUO@163.com','18767110854','可用','学生'),('2014211572','卓颖涛','123456','女','x82m2_1EplOWETWuW0@163.com','18657174548','可用','学生'),('2014211584','楼航英','123456','女','509reCj@gmail.com','18658136416','可用','学生'),('2014211585','王家梁','123456','女','H89mP1lv1V6uI3ATN@163.com','18768451093','可用','学生'),('2014211594','李风纬','123456','男','IIYK8og1x@hotmail.com','13003606911','可用','学生'),('2014211596','郑奇峰','123456','女','k420GXLpz005sjOM@gmail.com','13750868904','可用','学生'),('2014211599','郑巧园','123456','男','L_hCN6eFnjyMax@gmail.com','15057128781','可用','学生'),('2014211602','王燕飞','123456','男','V8xWr4JxH@139.com','13454473524','可用','学生'),('2014211603','毛旖旎','123456','男','6Za0dtWuNw@126.com','18989866019','可用','学生'),('2014211607','徐灵','123456','女','VhPV5N9@gmail.com','13018953612','可用','学生'),('2014211608','王昱','123456','女','2IkiG0aVr899f5@gmail.com','13067818069','可用','学生'),('2014211616','徐婷','123456','男','b42d03DiTEXEA6yG9@139.com','13656690855','可用','学生'),('2014211617','卢诗意','123456','男','hDJl3Fd6Zp@126.com','13615711497','可用','学生'),('2014211626','王素洁','123456','男','9WeggkJ2uW@yeah.com','18989479862','可用','学生'),('2014211629','何慧珊','123456','男','i9mB779QnWdB@139.com','13819179882','可用','学生'),('2014211632','俞竣康','123456','男','AsLuDMd86@139.com','13588085771','可用','学生'),('2014211633','王静','123456','男','7PgW84IC6@yeah.com','13857110429','可用','学生'),('2014211647','陈敏丽','123456','女','fNK1ZH3WbtW5N2oYLG@gmail.com','15695847199','可用','学生'),('2014211650','冯嘉辉','123456','女','H2K41TH@139.com','13958022503','可用','学生'),('2014211656','厉慧颖','123456','男','bTdr8nes6h6xtE4@163.com','13777857467','可用','学生'),('2014211657','胡侃麟','123456','男','m3GQeVZnQ@126.com','13386532972','可用','学生'),('2014211659','许国栋','123456','女','d1zdqZJ5_2@163.com','15068880552','可用','学生'),('2014211675','王宇航','123456','男','o6f4li0ff9OOYU@126.com','18267178323','可用','学生'),('2014211676','张熙','123456','女','K9V3q2aL66Pj1O@gmail.com','13634188041','可用','学生'),('2014211679','羊铭','123456','男','PLpJA3Zq1oXx15N65o@163.com','15068853831','可用','学生'),('2014211687','周丽婉','123456','女','hcAHb117fuDOthIL8v@126.com','13065734258','可用','学生'),('2014211688','潘琦','123456','女','dKeMfhZteA@139.com','18267101032','可用','学生'),('2014211691','叶青青','123456','男','07EGdw2M@126.com','13967172397','可用','学生'),('2014211693','徐超','123456','女','0nm15JxUa@gmail.com','13454102104','可用','学生'),('2014211694','余欣','123456','男','Z0nV4e@139.com','14724286578','可用','学生'),('2014211697','何进','123456','女','OXl479R0zUWWuw2hR@gmail.com','13777809086','可用','学生'),('2014211699','徐喆民','123456','女','3HpT_RyZ61fa52JE@gmail.com','13777559576','可用','学生'),('2014211715','翁颖颖','123456','女','55c4xtP972hkGV6G_X@139.com','15058160636','可用','学生'),('2014211717','雷家俊','123456','女','V6go2Vu1m@126.com','13867405506','可用','学生'),('2014211723','郑成力','123456','男','9xpFqzu9rCo6G@yeah.com','13777822913','可用','学生'),('2014211725','王卫星','123456','女','E3Mx03pTp4zY9kJ@hotmail.com','18958041839','可用','学生'),('2014211729','陈慕伟','123456','女','pc1DD8woYut91@yeah.com','14724840828','可用','学生'),('2014211739','徐慧慧','123456','女','P4kWllgzEJlZ5@hotmail.com','18868829105','可用','学生'),('2014211742','柳一铭','123456','女','WMvL6PRwUDLXn2YXN@139.com','13588758181','可用','学生'),('2014211750','陈乐健','123456','女','_00dFEgNo8zheTHL@163.com','14724604095','可用','学生'),('2014211751','徐钟鸣','123456','男','ywg2dy@gmail.com','13486159679','可用','学生'),('2014211763','王少迪','123456','女','zVCUM9I9z4_G2K07C@163.com','13906514442','可用','学生'),('2014211764','葛飘飘','123456','男','5E7XXEjX6Zpz@139.com','13067730799','可用','学生'),('2014211765','项俞添','123456','男','48jpcgTHI8lCG@gmail.com','18258416915','可用','学生'),('2014211811','张乐','123456','女','RJ5d0EP7p1E9@163.com','15268145264','可用','学生'),('2014211812','吴正','123456','男','9310wM5w3dW0kBwa@gmail.com','18958083867','可用','学生'),('2014211818','胡思哲','123456','男','E8pje2@hotmail.com','15267058489','可用','学生'),('2014211835','王士坤','123456','男','86JP22St@yeah.com','13958159523','可用','学生'),('2014211837','陈琛霞','123456','女','9Q4tQ8sGO18P06Bq@yeah.com','13276816103','可用','学生'),('2014211838','余凯瑞','123456','女','Ux08TI@gmail.com','15968157471','可用','学生'),('2014211840','许晓锋','123456','男','A7e76kxzdngj5S0pDK@yeah.com','13757190988','可用','学生'),('2014211841','洪嘉璐','123456','女','YQHd2uv2FykHt@126.com','15658164504','可用','学生'),('2014211842','黄锐','123456','女','WJjN22BCZPf@163.com','13857126652','可用','学生'),('2014211848','竺晨恬','123456','女','jJRlF57GC1ApYe_Qo@126.com','13588437874','可用','学生'),('2014211853','杨怡莹','123456','女','uNE02ZdpftaZIo0@163.com','18258191664','可用','学生'),('2014211855','林雪明','123456','男','69uCCkZ70h@yeah.com','13819470998','可用','学生'),('2014211860','王林奔','123456','女','q20eE0tru_uxu@yeah.com','15857105513','可用','学生'),('2014211866','徐梦瑶','123456','女','J5MLXbpiX@126.com','13175060914','可用','学生'),('2014211870','潘熙','123456','男','eO_iCVG6s9Kk1@139.com','15325885351','可用','学生'),('2014211879','屠梦婕','123456','女','3REiJt@gmail.com','13221027915','可用','学生'),('2014211883','谢佳豪','123456','女','e61u8aBMQ9@139.com','18967114261','可用','学生'),('2014211885','金洁','123456','女','8uhy6fonNod8xoeC@163.com','13362151147','可用','学生'),('2014211893','徐卉','123456','男','7v47msP8@163.com','18958071194','可用','学生'),('2014211897','陈航英','123456','男','ohB5M00rC4J@139.com','13454124761','可用','学生'),('2014211900','吴兴乐','123456','男','NnneHsMI8cx5@yeah.com','15024406415','可用','学生'),('2014211902','陈肖都','123456','女','eN98g1w44@hotmail.com','15990012197','可用','学生'),('2014211909','吴晖','123456','男','75p21Udwg0eY66ID3@yeah.com','13148306581','可用','学生'),('2014211910','陈璐颖','123456','男','C9D4T0d1D5t6@139.com','13429645017','可用','学生'),('2014211911','胡康程','123456','男','WFnp31JDr6_mmR7v4j@163.com','15158140044','可用','学生'),('2014211916','沈佳俊','123456','男','tE5ZT7Qg@163.com','13606719273','可用','学生'),('2014212125','苏娜','123456','女','e7PdEY@gmail.com','15867190538','可用','学生'),('2014212128','葛伦','123456','男','EK_tpBDs@yeah.com','13588897412','可用','学生'),('2014212136','王浩东','123456','男','UuoOEEsmiyIdJF@126.com','18258825148','可用','学生'),('2014212138','蒿梦书','123456','男','66XrAebUW_Va26@yeah.com','13758199546','可用','学生'),('2014212154','林晓蕾','123456','男','7DG_3OfS29Ciex@163.com','13868131909','可用','学生'),('2014212155','朱运生','123456','男','LaSHwyzVfKGxQ22gC@gmail.com','13067942104','可用','学生'),('2014212157','时伟涛','123456','女','BeiRAePpf@163.com','13906533502','可用','学生'),('2014212162','钟少华','123456','男','j8GUI73@126.com','13003690042','可用','学生'),('2014212166','夏心雨','123456','男','1396485u0Qb2v96rKb@gmail.com','18868802637','可用','学生'),('2014212176','李夏阳','123456','女','3N6EM83@yeah.com','13588833457','可用','学生'),('2014212181','刘诚','123456','男','EZZrWKPZWgmjY@126.com','13067883107','可用','学生'),('2014212182','王腾飞','123456','男','dm96F@163.com','15558043488','可用','学生'),('2014212184','范林玉','123456','女','kTY79NkZT9aH37k@yeah.com','13065742793','可用','学生'),('2014212185','胡大伟','123456','女','2Ae5Xw82w@163.com','13216812736','可用','学生'),('2014212352','牟雪婷','123456','男','u1fdEZrR@163.com','13646815708','可用','学生'),('2014212355','汪海波','123456','女','nu5S5YC968c@139.com','15715717241','可用','学生'),('2014212365','陈双喜','123456','女','8YlmW5525L2vZ7RJr@139.com','15168480754','可用','学生'),('2014212368','田叶','123456','男','2Xl95P@yeah.com','13071845171','可用','学生'),('2014212369','何欣阳','123456','女','2VflOQtH4@163.com','15500364626','可用','学生'),('2014212411','门飞飞','123456','女','PNCQJ6@139.com','15268113735','可用','学生'),('2014212448','张竹瑶','123456','男','1dGJPIaM01Gq18V4l@163.com','13634134732','可用','学生'),('2014212576','周昱希','123456','女','kdd1Adz@yeah.com','13967159715','可用','学生'),('2014212578','方皓玉','123456','女','95bRkbyF2mYgHX1T9@163.com','13429670246','可用','学生'),('2014212588','李世豪','123456','女','86P8eu2bpehsJP@gmail.com','13336035312','可用','学生'),('2014212762','冼弋人','123456','女','M02PuQ5Mtbe5xlE9H@gmail.com','15958030818','可用','学生'),('2014212764','陆卓','123456','女','n5RS0i2Np7p6L@126.com','15715765436','可用','学生'),('2014212774','秦志玮','123456','女','Eu9wXK8AGm3o@gmail.com','13065701669','可用','学生'),('2014212802','罗新迈','123456','男','4PFhvJcc_N2BXKu@163.com','13362176427','可用','学生'),('2014212810','周灵杰','123456','女','5qfWkQSMXKtfwrs6@139.com','15967162547','可用','学生'),('2014213210','吕佳敏','123456','女','sXmW1E60s32oWGdJoo@126.com','13900657152','可用','学生'),('2014213293','陈迪峰','123456','女','CUi218e3Tl8Vw3@hotmail.com','15924186374','可用','学生'),('2014213296','钱怀远','123456','女','34qhEZ576_ed@gmail.com','13047651824','可用','学生'),('2014213315','任嘉华','123456','男','dvRq2p12@hotmail.com','15867157081','可用','学生'),('2014213316','任振峰','123456','女','2pP8KCr5_@163.com','13456901923','可用','学生'),('2014213321','刘初莲','123456','男','Hr82pCR0XPnrWp1OKk@163.com','18658145277','可用','学生'),('2014213383','赵鹏程','123456','男','YPtckIL44okz0uF@yeah.com','15968860091','可用','学生'),('2014213436','吕庭威','123456','女','M11_OHtL@139.com','15167107446','可用','学生'),('2014213532','叶凯','123456','男','5IaeE71n9_oEJz0X@hotmail.com','15669009951','可用','学生'),('2014213554','姚依杰','123456','男','ZpXuZ3vn@163.com','15158157306','可用','学生'),('2014213590','曹虹辉','123456','男','rhON0R6@hotmail.com','15167164698','可用','学生'),('2014213640','刘畅','123456','女','m73yTxzpcW8c@139.com','15868148237','可用','学生'),('2014213643','王子君','123456','女','js06hH2B_EoV7D6T@126.com','13968141843','可用','学生'),('2014213677','卓安晖','123456','女','7_624tL@hotmail.com','15990065063','可用','学生'),('2014213701','吴颖扬','123456','女','I8sUsdE8@126.com','15968871566','可用','学生'),('2014213782','裴维维','123456','女','X8p1Sy_T@gmail.com','13758261415','可用','学生'),('2014213783','雷远','123456','男','P3d59Owd2@126.com','14724724162','可用','学生'),('2014213825','张瑜','123456','女','4j7xx6Ubv5re4I@yeah.com','13858186536','可用','学生'),('2014213828','杜鑫','123456','女','QdsJY4d92I6y0e@126.com','13868156847','可用','学生'),('2014213831','贾楠','123456','女','GVj3iVw2H0d9ej0@gmail.com','13107732269','可用','学生'),('2014213840','费加罗','123456','男','AWr77ScAmN1@gmail.com','15957176616','可用','学生'),('2014213848','何红春','123456','男','08YkdzcW4bb4Hr@hotmail.com','18958104794','可用','学生'),('2014213854','谢鸿鹄','123456','男','ktMFx6q7m2WkRQNz@139.com','13675852237','可用','学生'),('2014213879','唐秀湘','123456','男','xzw5vRi3Bt@hotmail.com','15869109319','可用','学生'),('2014213889','邹玉龙','123456','女','uAXPPB7YjZIg60e@hotmail.com','15268582144','可用','学生'),('2014213915','邝玉泉','123456','女','DnkWzl0q57AD9Be6b@139.com','13067761423','可用','学生'),('2014214182','石力','123456','男','87BqGmGB701cqL0@139.com','13732287527','可用','学生'),('2014214190','傅华全','123456','女','C8KoVePX@hotmail.com','15167197498','可用','学生'),('2014214254','郭璞','123456','女','of0on9o4JGjc2g8JT@126.com','13067720909','可用','学生'),('2014214302','胡鹏昊','123456','男','6a6gU0FhAjGtad2Z@yeah.com','18657122129','可用','学生'),('2014214312','李佳玘','123456','女','SgXk9IOv4@163.com','15057198929','可用','学生'),('2014214324','朱婷婷','123456','男','ED4d8ic87lP6@139.com','13185016765','可用','学生'),('2014214327','周阳','123456','男','9Q648r@139.com','13136105207','可用','学生'),('2014214328','闫江','123456','男','CNpIdSB6j33o_99qs@139.com','13868196143','可用','学生'),('2014214365','古力米热·艾尼瓦儿','123456','男','0TephWuhf6@yeah.com','13136169348','可用','学生'),('2014214382','谢仁古丽·麦合木提','123456','女','27SiI6xHc@139.com','18658124701','可用','学生'),('2014214383','努尔麦麦提·托合提克排','123456','女','wXZVlv1070MEnIktZS@163.com','13685743098','可用','学生'),('2014810889','陈晟','123456','女','lCK91WU8Bb90RC@163.com','13023623579','可用','学生'),('2015210110019','蒋钰','123456','男','nqIK28UY@hotmail.com','13588151928','可用','学生'),('2015210306004','黄志','123456','男','zYa0VrH1@hotmail.com','13456806119','可用','学生'),('2015210308018','陈靖森','123456','男','e6V8DidoaN6Bp@163.com','13588046921','可用','学生'),('2015210401001','胡海林','123456','男','h1twKB2pcf3nh@139.com','15857141019','可用','学生'),('2015210401002','汪欣婷','123456','男','NfdtApgUEVR8JZ@gmail.com','15355023038','可用','学生'),('2015210401003','沈鑫楠','123456','男','rs7T0neBUp405AGWIY@139.com','13306531189','可用','学生'),('2015210401004','吴昊','123456','男','fRB4smO2AA9XgqR@hotmail.com','13486358426','可用','学生'),('2015210401005','洪晓俊','123456','男','Lb43F4Kh6Fr0U@hotmail.com','13758251079','可用','学生'),('2015210401006','娄宇翔','123456','男','F68aT0f6JOohe5@126.com','13093758713','可用','学生'),('2015210401007','葛家源','123456','男','bylE3EU875NAjey5@126.com','15267093855','可用','学生'),('2015210401008','石中钰','123456','男','d9a3as6w4pX3j3c09R@139.com','15990164473','可用','学生'),('2015210401009','鲍周颖','123456','女','Q4SwJaAs0fmgCD8Wb7@gmail.com','13750880171','可用','学生'),('2015210401010','谷晗','123456','男','mJa80rZg007LFDzF@gmail.com','13024294385','可用','学生'),('2015210401011','叶彬慧','123456','女','j7KfN@hotmail.com','15669092641','可用','学生'),('2015210401012','魏礼鑫','123456','女','0oL5Gc@hotmail.com','18758005847','可用','学生'),('2015210401013','蒋怡清','123456','男','u4F3qTC0N2X1hn@hotmail.com','18968079057','可用','学生'),('2015210401014','石欢林','123456','女','th8H2P1I8Y4@hotmail.com','15958040835','可用','学生'),('2015210401015','缪梦宇','123456','男','4x8S0ZB4gVx78uPE@gmail.com','15168411963','可用','学生'),('2015210401016','陈瑜','123456','男','3JNhLAB@126.com','13685787959','可用','学生'),('2015210401017','王卓权','123456','男','Z4pPa74A6wucn3@gmail.com','15024494149','可用','学生'),('2015210401018','方雨情','123456','女','5vjxYB4rGT9@yeah.com','13735530937','可用','学生'),('2015210401019','徐抒雅','123456','女','7cJ0cBbzR0q52@139.com','13666647918','可用','学生'),('2015210401021','郑旭东','123456','男','R2V3vyB@126.com','13067991824','可用','学生'),('2015210401022','林纪鹏','123456','女','CdGx596GUv53fCy@139.com','15558144765','可用','学生'),('2015210401023','梁高基','123456','男','K3x5KjK9CK3@yeah.com','13355819709','可用','学生'),('2015210401025','洪诗依','123456','女','b8YZ8VL76wqUnpm@yeah.com','15557105996','可用','学生'),('2015210401026','胡家骏','123456','女','nF2sA1M2q@139.com','13429667311','可用','学生'),('2015210402001','洪采颂','123456','男','8cJ6Je13d9poL_I3@hotmail.com','15057130703','可用','学生'),('2015210402002','胡嘉诚','123456','女','Hf9d01XMm@163.com','13588419961','可用','学生'),('2015210402003','凌梦羽','123456','男','CAM2YD@gmail.com','15906603302','可用','学生'),('2015210402004','王懿琦','123456','男','kT0GBsDl70rd7mz3@163.com','15267170693','可用','学生'),('2015210402005','毛梓听','123456','女','Du4jw8qnmnyGXx2@163.com','15105817699','可用','学生'),('2015210402006','朱佳男','123456','女','Pbc1FQWCuVpe33i_@139.com','18267111731','可用','学生'),('2015210402007','俞孝天','123456','女','vxIIEh@hotmail.com','13306513054','可用','学生'),('2015210402008','游品娴','123456','男','Qa3U8e124@139.com','13454487887','可用','学生'),('2015210402009','黄一峻','123456','女','7KXGOf41xL7cy1At@hotmail.com','13738138879','可用','学生'),('2015210402010','陈耀松','123456','男','sI_wgs@139.com','18758105497','可用','学生'),('2015210402011','罗雨晴','123456','女','Y3P5r76yPMLXYS@163.com','13588781773','可用','学生'),('2015210402012','杨凯悦','123456','男','CBd90mJLcF6py@139.com','15868164009','可用','学生'),('2015210402013','王敏悦','123456','男','2mv9D6qF3skd@126.com','13456985704','可用','学生'),('2015210402014','章亦钦','123456','男','onOcSS7aammf6v7WXG@163.com','13357160791','可用','学生'),('2015210402015','蓝一鸣','123456','男','POaZQv2n77@126.com','15990158553','可用','学生'),('2015210402016','王怡清','123456','男','3W_IDfz@139.com','15968175823','可用','学生'),('2015210402017','沈洁','123456','男','v5qqIzU2@hotmail.com','18858119328','可用','学生'),('2015210402018','钱中平','123456','男','D5U657O3Ry0g@139.com','13116708311','可用','学生'),('2015210402019','胡云丰','123456','女','c7jsgIb90v3xbAa@139.com','13148355049','可用','学生'),('2015210402020','王玲','123456','男','Ain8V16L@gmail.com','13067869974','可用','学生'),('2015210402021','王含泽','123456','男','Giy8_fi1@yeah.com','13157174899','可用','学生'),('2015210402022','姚梦莲','123456','女','xxK1Kw0B79S4h7@hotmail.com','15168363846','可用','学生'),('2015210402023','张尧俊','123456','男','Tx7WuhZ4kt@126.com','18969927455','可用','学生'),('2015210402024','罗欢欢','123456','男','MIC1hX11WfEr@yeah.com','14724256408','可用','学生'),('2015210402025','伍文浩','123456','男','LcVgiRM1@139.com','13282136469','可用','学生'),('2015210402026','张璐','123456','女','h82AKUhS@139.com','13758207955','可用','学生'),('2015210402027','童安涛','123456','男','cm9zgLbSxf@yeah.com','13116737841','可用','学生'),('2015210402028','王慧慧','123456','男','mR11iquR0Al5bbaXLn@gmail.com','15158041884','可用','学生'),('2015210402029','应泽林','123456','女','FQopjh8br9li77n@139.com','13868167971','可用','学生'),('2015210402030','吕王彬','123456','男','JIENlWYFvOt4@126.com','18968089977','可用','学生'),('2015210402031','陈茜茜','123456','男','LXNpjQ2NR5g5ct0BN@gmail.com','13575798229','可用','学生'),('2015210402032','许承瑶','123456','女','8V5Vw2Zcf@139.com','15869114874','可用','学生'),('2015210402033','刘庆','123456','女','3r7CEtBCfL@163.com','13857101038','可用','学生'),('2015210402034','张清波','123456','女','63ZY2uethUN@gmail.com','14724826571','可用','学生'),('2015210402035','郭笑君','123456','男','P1OljghE@gmail.com','15715736642','可用','学生'),('2015210402036','权观宇','123456','女','jyzZQvhLUo9la@163.com','15657116123','可用','学生'),('2015210402037','杨燕娟','123456','女','ilFRHNhfmH8c7Rz1@139.com','18267154033','可用','学生'),('2015210402038','吴健明','123456','男','9JFEZUzbOn@gmail.com','15858278158','可用','学生'),('2015210402039','罗壮华','123456','女','KhliOByFrQgO@gmail.com','14724471389','可用','学生'),('2015210402040','阿力米热·买买提','123456','女','eu5gQqzGh8zK@gmail.com','15990177221','可用','学生'),('2015210402041','方柯','123456','男','qGb6a1@126.com','13805785753','可用','学生'),('2015210402042','任旭雯','123456','女','QWHFGxWGu47@yeah.com','18906714284','可用','学生'),('2015210402043','黄迅','123456','男','3fzGB1X@gmail.com','13116715774','可用','学生'),('2015210402044','陆沁梅','123456','男','37dXOFE_WmP@gmail.com','13148399032','可用','学生'),('2015210402045','管佳迪','123456','男','OAO5aDPo81@163.com','15658037564','可用','学生'),('2015210402046','詹潘峰','123456','男','WTX45ao11UtZ2wH@yeah.com','15805718053','可用','学生'),('2015210402048','郑慧霖','123456','男','4CW0nuw1SwW0o@yeah.com','15657199689','可用','学生'),('2015210402050','严锋钢','123456','女','GrPvI28kG8lLpx8i@139.com','15988852413','可用','学生'),('2015210402051','周金盛','123456','女','h67S2iq@139.com','15500326311','可用','学生'),('2015210402052','张璐玮','123456','女','piyeq2HTsL9E8U@hotmail.com','15057169682','可用','学生'),('2015210402053','周耀杰','123456','女','9376cZ@139.com','15105710288','可用','学生'),('2015210402054','戚梦瑶','123456','男','0CXJw607Gf@163.com','18966490375','可用','学生'),('2015210402055','陈岳','123456','男','J87wMwC5fVJ@gmail.com','18806539995','可用','学生'),('2015210402056','张小燕','123456','女','u2SA855z2g@126.com','15858196038','可用','学生'),('2015210402057','沈丹杰','123456','男','8IU3Yyu@139.com','13738122689','可用','学生'),('2015210402058','李思怡','123456','男','Wj7BFlv18dFd2@126.com','13588225256','可用','学生'),('2015210402059','吴佳','123456','女','d7phbYZzrjcar@gmail.com','13486108094','可用','学生'),('2015210402060','陈子雨','123456','女','Kv935kA659bkfsAn6@126.com','13588056466','可用','学生'),('2015210402061','魏懿','123456','女','q128qg94Nz4@yeah.com','15168256375','可用','学生'),('2015210402062','钱苗军','123456','男','jh35il7vr7@yeah.com','13157123984','可用','学生'),('2015210402064','袁加颖','123456','男','4TBQ8_HI@163.com','18958027547','可用','学生'),('2015210402065','李英倩','123456','女','x6s32x4Az25hcut88@139.com','18958010366','可用','学生'),('2015210402066','金天航','123456','男','8P8wC35x6hb5sM57@gmail.com','13819141135','可用','学生'),('2015210402068','周珏畅','123456','男','606NCb@139.com','15990141968','可用','学生'),('2015210402069','董亦婧','123456','女','hMYnPXPuh7iiaNX@gmail.com','13173641723','可用','学生'),('2015210402070','蒋赞杰','123456','男','T9AvvCWF8bv@139.com','13105819119','可用','学生'),('2015210402071','陈珂','123456','女','a430rr9ufzHXJHw@gmail.com','13346196293','可用','学生'),('2015210402072','斯宏翔','123456','女','A9KbawVr2OFoLG1m3E@139.com','14724561592','可用','学生'),('2015210402073','刘菊','123456','男','h5745UkbjHRxh@139.com','13516815236','可用','学生'),('2015210402074','万芳','123456','女','Gku8HovhvO3@139.com','18958166579','可用','学生'),('2015210402075','王威','123456','女','7AIL3qDVVxURAg@139.com','13777461364','可用','学生'),('2015210402076','朱晓萌','123456','男','Cw52N_Ck9qOuB6Y@126.com','13805772449','可用','学生'),('2015210402077','张文','123456','男','hOT8Bfj6LKHLPS80FI@yeah.com','14724061773','可用','学生'),('2015210402078','毛方婕','123456','男','coC4T8QrY@163.com','15669083852','可用','学生'),('2015210402079','武塬皓','123456','女','DVmRXoKJ5@hotmail.com','13588170139','可用','学生'),('2015210402080','陈志建','123456','男','_G9_3Q3v0sDo@gmail.com','13967136834','可用','学生'),('2015210402082','胡泷','123456','女','LJLQPSqB_Gt_xfS4@gmail.com','13175047237','可用','学生'),('2015210402083','许一洲','123456','男','5Ik5h5CZNThV8@gmail.com','13148324229','可用','学生'),('2015210402084','沈莹佳','123456','女','i3L3qz0M9sy2UwA4u@163.com','18966176408','可用','学生'),('2015210402085','张晓旦','123456','男','jEF7NMC1vJrXoz@hotmail.com','18806505222','可用','学生'),('2015210402086','陆紫涵','123456','男','BjrR5P7@yeah.com','13395710341','可用','学生'),('2015210402087','石俊','123456','女','Ea6X8pYq@126.com','15869199015','可用','学生'),('2015210402088','施奇豪','123456','男','hDBpnEmQ@gmail.com','14724350514','可用','学生'),('2015210402089','林巧月','123456','男','27GLp8T@163.com','13116759257','可用','学生'),('2015210402090','刘云博','123456','男','C1_rc_UsiLzPPY83O@163.com','13003689135','可用','学生'),('2015210402092','张林锋','123456','女','mC_M2zJBu60@126.com','15867136342','可用','学生'),('2015210402093','卓佐祥','123456','女','04UYfiO@163.com','15906716934','可用','学生'),('2015210402094','程宇畅','123456','男','RK2adC8HHm4B@163.com','15669438341','可用','学生'),('2015210402097','郑童飞','123456','男','Q4E4595S_@139.com','13396521639','可用','学生'),('2015210402098','黄金钧','123456','男','R1V21FugTaKPd671P@163.com','15057183264','可用','学生'),('2015210402099','叶登峰','123456','女','_4x0RtY0t2zh5@126.com','15988403074','可用','学生'),('2015210402100','徐锋','123456','男','5M1jcW@139.com','15068729944','可用','学生'),('2015210402101','傅金燕','123456','男','sGiD4G2K6996J@126.com','18969006312','可用','学生'),('2015210402102','陈雨露','123456','女','JwGdpngzuNI0O3R@163.com','13958160978','可用','学生'),('2015210402103','陈浩','123456','男','JH6J83xGCzqmT@gmail.com','14724032616','可用','学生'),('2015210402104','徐丽君','123456','男','6gxYqjMva4vN_41c@163.com','15500308585','可用','学生'),('2015210402105','严剑桥','123456','女','RD4n81TR@139.com','15824128038','可用','学生'),('2015210402106','蒋经纬','123456','男','lip0aWeT361u8W9k31@gmail.com','14757132262','可用','学生'),('2015210402107','陈鹏','123456','女','jA8Y0sD0k@hotmail.com','13906526763','可用','学生'),('2015210402108','陈泽群','123456','女','Vj7x4wcS1Y6b3@163.com','13968032917','可用','学生'),('2015210402109','蒋燕娜','123456','男','nfgWN3tY8T336A@hotmail.com','15267489596','可用','学生'),('2015210402111','晏欧','123456','男','scyVrgCpFmuxsRL@hotmail.com','13867494292','可用','学生'),('2015210402112','蒋宗强','123456','男','O7W5XwZJe1l3uXo@yeah.com','15967187925','可用','学生'),('2015210402113','王珊','123456','女','aS5H6z2r95Z0J8@hotmail.com','15355450625','可用','学生'),('2015210402114','杨若瑾','123456','男','YDX0034Vs4C@gmail.com','13968161408','可用','学生'),('2015210402115','刘福东','123456','男','0_x7lL64PkYCcJ03@163.com','15168374035','可用','学生'),('2015210402116','祁俊舟','123456','女','533JcZyLg9A@gmail.com','13173685887','可用','学生'),('2015210402117','高源','123456','女','L0M_chwNA6X5Aajg@yeah.com','18858191198','可用','学生'),('2015210405001','蔡澄捷','123456','男','i0ge6lo3no@gmail.com','15306713175','可用','学生'),('2015210405002','郑嘉逸','123456','男','ze9_Au_AhPtj@gmail.com','18205711016','可用','学生'),('2015210405003','徐韬','123456','男','uhK07yjQxsEq9@126.com','15968854274','可用','学生'),('2015210405004','吴际','123456','男','6mjnU@hotmail.com','13968015518','可用','学生'),('2015210405005','吕靖之','123456','男','4uiYRV@yeah.com','13967103323','可用','学生'),('2015210405006','全琪','123456','男','UdiyGR3vV@hotmail.com','13738054664','可用','学生'),('2015210405007','袁宵月','123456','女','7J_eZtRHs@gmail.com','13429175538','可用','学生'),('2015210405008','马港楠','123456','女','62fI1JT2q@yeah.com','13754323627','可用','学生'),('2015210405010','吴燕波','123456','女','qA1OktjvRpOoNSs@hotmail.com','15990005439','可用','学生'),('2015210405011','洪磊','123456','女','FRqnSpv@yeah.com','15557194692','可用','学生'),('2015210405013','岑焕亚','123456','女','WSp5jOk6lo@gmail.com','15268130202','可用','学生'),('2015210405014','虞哲','123456','男','GfbO5yIq53@163.com','13958001252','可用','学生'),('2015210405017','张晨昊','123456','男','Wp9Kln91yLH@139.com','15267451186','可用','学生'),('2015210405018','陈都','123456','男','55kaqVnpgELe21@126.com','13675880936','可用','学生'),('2015210405019','林一凡','123456','男','Z2lt8qTavX9Gt8Eci4@163.com','15669071187','可用','学生'),('2015210405020','许沈恬','123456','男','9sSl0rMhCtA@hotmail.com','18768464066','可用','学生'),('2015210405021','赵渊悦','123456','男','He3Y0Z8b@yeah.com','13456842447','可用','学生'),('2015210405022','翁泽超','123456','男','Zs_75T_i8peu0lDWi7@gmail.com','13024280731','可用','学生'),('2015210405023','沈季涛','123456','男','8_53Fpn29ROz@gmail.com','15988882648','可用','学生'),('2015210405024','崔甜甜','123456','女','96WSZ1KU8O5G197E@163.com','15658156421','可用','学生'),('2015210405025','俞天琪','123456','女','SnHlB@gmail.com','18258442968','可用','学生'),('2015210405026','郭钰燕','123456','女','B1nA0l@yeah.com','13018939913','可用','学生'),('2015210405027','骆涵泽','123456','男','1Qx4Eh1Z157IvqEJb3@139.com','13305710546','可用','学生'),('2015210405028','胡迪恒','123456','女','gID8qKcvO@126.com','13107704693','可用','学生'),('2015210405029','吕海涛','123456','男','jYXIfkIA7f@gmail.com','13372576184','可用','学生'),('2015210405030','吴倩倩','123456','女','F59UfDcfm7R3@yeah.com','15988190257','可用','学生'),('2015210405031','王靖','123456','男','iuv9qWHebg@gmail.com','13186998703','可用','学生'),('2015210405032','谢佳敏','123456','男','1ttV9zago_MI@gmail.com','15605882671','可用','学生'),('2015210405033','陈崇淇','123456','女','33ofW7to0Z606M@yeah.com','18758259487','可用','学生'),('2015210405034','林亨泽','123456','男','7Z_4t1pxp3M8o9wq@126.com','18606510896','可用','学生'),('2015210405035','庄超','123456','女','180Ph5@yeah.com','14724836862','可用','学生'),('2015210405036','周珍','123456','女','_6QL65g1bfdgU5g0@126.com','13073647709','可用','学生'),('2015210405037','傅杭波','123456','男','PPgmnqTOox3a@163.com','13575462246','可用','学生'),('2015210405038','王议莹','123456','男','XpX0JR@126.com','18757127814','可用','学生'),('2015210405039','李芸婷','123456','女','Pu9Iul001CESA@163.com','18868708814','可用','学生'),('2015210405040','秦汉','123456','男','Uv4DFMFSXACo8PYsX@163.com','18258204482','可用','学生'),('2015210405041','俞浩天','123456','女','mYnNVi@163.com','15658113221','可用','学生'),('2015210405042','王琛琪','12345','男','P7N39Wv2cUaavXMf3@gmail.com','18958197542','可用','学生'),('2015210405043','林海瑞1','12345','男','1147816814@qq.com','13588737694','可用','学生'),('2015210405044','陈颖兰','123456','女','PIvH9t5B5@139.com','13148330355','可用','学生'),('2015210405045','徐欣奕','123456','女','cqtcwks9H6Drcok6@126.com','15988174034','可用','学生'),('2015210405046','章健伟','123456','女','1vjTPcfv7RCsw7@126.com','15257109282','可用','学生'),('2015210405047','戴雅婕','123456','女','sgo56569kT@hotmail.com','13282181847','可用','学生'),('2015210405048','翟健羽','123456','女','6lgghioq@gmail.com','18258299443','可用','学生'),('2015210405049','吴佳思','123456','男','4PCt3IJE@gmail.com','15258816523','可用','学生'),('2015210405050','周则张','123456','女','2nVuA44_2Uxz9@hotmail.com','14724372325','可用','学生'),('2015210405052','夏吕丹','123456','女','m7YQT2IgoYBovUVPK@139.com','13567132285','可用','学生'),('2015210405053','詹罗梦甜','123456','女','IKptc_99U1IELmE@gmail.com','18957177607','可用','学生'),('2015210405054','赵杭琪','123456','男','Rc5XhQ52Hu9I95CSxq@gmail.com','18257139209','可用','学生'),('2015210405055','孔志鹏','123456','女','qFI3ezWDfsGzhW3@yeah.com','13567180128','可用','学生'),('2015210405056','李豪','123456','女','a8X7ooax9sz2dK0n@hotmail.com','18758067738','可用','学生'),('2015210405057','陈金才','123456','女','s8MMwL47WY@139.com','13362131989','可用','学生'),('2015210405058','林冬慧','123456','女','A3Jz14nFC00@yeah.com','14724586121','可用','学生'),('2015210405059','林阳阳','123456','女','F8GF4j@yeah.com','15024459757','可用','学生'),('2015210405060','朱勋韬','123456','女','tFRK6NOj@139.com','18989839004','可用','学生'),('2015210405061','庄子遥','123456','女','XTHbJwxP@gmail.com','15224072377','可用','学生'),('2015210405062','张松鹏','123456','男','ygX74egX@126.com','18968097304','可用','学生'),('2015210405063','杨贺晨吉','123456','女','cxo68T8@139.com','18969020305','可用','学生'),('2015210405064','张伟芳','123456','女','Uy1sRup3C3pvZ7pG9@gmail.com','13395814003','可用','学生'),('2015210405065','滕飞','123456','女','DVou0oe@126.com','13819466289','可用','学生'),('2015210405066','张银霞','123456','男','t6J01_WKk8g5yuCbf@yeah.com','13666657957','可用','学生'),('2015210405067','吴雨欣','123456','男','2gKg9WDYBUI@163.com','18968193109','可用','学生'),('2015210405068','胡鑫','123456','女','DF8e5eBHnVPT89N@139.com','15925646385','可用','学生'),('2015210405069','鲍文晗','123456','男','8k96AeE2Tnc@gmail.com','18605886469','可用','学生'),('2015210405070','余宁宁','123456','女','O1rl79t2v@163.com','15990083583','可用','学生'),('2015210405071','金茏晟','123456','男','2EtUxosSxVZ4y@163.com','13067830225','可用','学生'),('2015210405072','姜晓红','123456','男','99MKi3h5kSeM1Oi07z@163.com','15988872616','可用','学生'),('2015210405073','邓悦','123456','女','7ZMfaoWU7dw9@139.com','13071812103','可用','学生'),('2015210405074','陶瑜哲','123456','女','FP967XDAg@139.com','13777424664','可用','学生'),('2015210405075','傅凯琪','123456','男','lQX3z7D2uz_x@yeah.com','13906816269','可用','学生'),('2015210405076','韦洁','123456','女','24NBeX@gmail.com','13336160476','可用','学生'),('2015210405077','余煜淇','123456','女','19ViGRoD9Nl61AAA@hotmail.com','13588731703','可用','学生'),('2015210405078','周浩','123456','男','vUFloydsUhb8Dc6@gmail.com','15168249084','可用','学生'),('2015210405079','单德金','123456','女','yfrCWW1KdP7@yeah.com','13064794553','可用','学生'),('2015211102046','杨宋瑞雪','123456','男','7iJnPPvG@yeah.com','14757128294','可用','学生'),('2015211401005','李青芸','123456','男','av1OO12Pymo3Kf_v5g@126.com','14757016982','可用','学生'),('2015211704001','严胜良','123456','女','MVBLaGMCYnwv5@163.com','15990114239','可用','学生'),('2015211901030','吕东雨','123456','男','ZL3PjDqBpJ7d0JbiX@gmail.com','15968834524','可用','学生'),('2015211901105','毛玲','123456','女','QMOqQ_fjor447H6@yeah.com','13506816313','可用','学生'),('2015211901110','黄飞达','123456','男','LeEuEh8EgkJY1E9@yeah.com','13989827138','可用','学生'),('2015211902017','顾虹虹','123456','男','Z5SPG1YB1xZw4R@yeah.com','18768422226','可用','学生'),('2015212211002','朱曈','123456','男','d776C0e7M9an4go@126.com','18906503133','可用','学生'),('2015212211003','任梅','123456','男','C03wRbVLE5eExt9@yeah.com','13588394881','可用','学生'),('2015212211004','许秋妹','123456','男','ng0CLP3P8lhuDunYq@gmail.com','13282155975','可用','学生'),('2015212211005','潘子越','123456','男','vXTBVcYU9hC@yeah.com','15658014286','可用','学生'),('2015212211006','岑青联','123456','男','S2jaPPoZMV1TZmFd@139.com','13456880546','可用','学生'),('2015212211007','江诗静','123456','女','9M6McEI@hotmail.com','13148387903','可用','学生'),('2015212211008','何泱','123456','男','a44sf2SpZ2@139.com','13968052575','可用','学生'),('2015212211009','方耀','123456','男','7sFn9EG0Q7@gmail.com','13248414257','可用','学生'),('2015212211010','薛新钰','123456','男','o8hAhmzj5ZQgPx2@139.com','13867145324','可用','学生'),('2015212211011','张雪琪','123456','男','2aJyq3@163.com','13588319677','可用','学生'),('2015212211012','郭朝伟','123456','男','nZeTneOdwQbL8@139.com','18857196542','可用','学生'),('2015212211013','张沥文','123456','女','oArV0O0G1bPR7@163.com','15906641585','可用','学生'),('2015212211014','金子琳','123456','女','T3ikPgJK@163.com','13606801454','可用','学生'),('2015212211015','岳俊峰','123456','男','RPiMdmsxF4kI8l@126.com','13735440266','可用','学生'),('2015212211016','陈佳涛','123456','男','7JB2dJZ8L07Xwh6j7h@yeah.com','18969934271','可用','学生'),('2015212211018','汤恩特','123456','女','fV0w3lTRHQx8cke3@gmail.com','13282822438','可用','学生'),('2015212211019','毛征旺','123456','女','R2HwLswf@yeah.com','18605714027','可用','学生'),('2015212211020','陆豪毅','123456','男','UFhaXfVFbI8@163.com','13957142283','可用','学生'),('2015212211021','许佳婷','123456','女','Ai4LMudnn3@gmail.com','13282178655','可用','学生'),('2015212211022','马源','123456','女','_GorxK2n7h0XN25i@139.com','13732241096','可用','学生'),('2015212211024','丁晨宇','123456','男','30Vo4WZ5BD_qV@139.com','13905719461','可用','学生'),('2015212211025','叶鸿宁','123456','男','Ck5Be_E4Ua1CZ1M8@139.com','15868414537','可用','学生'),('2015212211026','王希雅','123456','男','hyVObOs5X@163.com','13989493854','可用','学生'),('2015212211027','罗海豪','123456','男','9VfV8IL3lMIS@126.com','13064711138','可用','学生'),('2015212211028','韩刚','123456','男','gDP5gk2WZ3LCS@139.com','15057112137','可用','学生'),('2015212211029','史苗苗','123456','男','095t7AF4KEw3Y@139.com','15924111613','可用','学生'),('2015212211030','张旭彬','123456','女','4U1rK2Z9g@yeah.com','18989468278','可用','学生'),('2015212211031','王向阳','123456','女','QJKHj_bomE@163.com','14724009748','可用','学生'),('2015212211032','吴朴芳','123456','男','82d4IIMzh9Hww1@126.com','18868885721','可用','学生'),('2015212211033','宋佳凝','123456','女','WYmxe7o50lGKqXHN@163.com','15924151626','可用','学生'),('2015212211034','潘雅丽','123456','女','S6kGD56N008@139.com','13116777243','可用','学生'),('2015212211035','苏冰航','123456','男','YPlZeljHPSt77sh@163.com','13989877896','可用','学生'),('2015212211036','黎春','123456','男','3PJjZkV6UYzx9Nx56M@139.com','13456952346','可用','学生'),('2015212211037','杨镕徽','123456','女','Zw5qsdYpgJ1mm6@126.com','13868035939','可用','学生'),('2015212211038','徐源檐','123456','女','6Cnyt9JR4K3BR8@gmail.com','13858179096','可用','学生'),('2015212211039','冯芮子炫','123456','女','3FpXq6BZ3O@126.com','15224020581','可用','学生'),('2015212211040','潘江阳','123456','男','Cdmq9OofRY6k@yeah.com','13645712626','可用','学生'),('2015212211041','叶尔根·赛尔汗','123456','女','SGTdsCN9@yeah.com','13336003363','可用','学生'),('2015212211042','王晨','123456','女','9YhCW3Rv@hotmail.com','15858174394','可用','学生'),('2015212211043','谢媛媛','123456','女','aJ7OHRwiER4S@yeah.com','13221033441','可用','学生'),('2015212211044','郑小涵','123456','女','hzHV1Pblv9@126.com','15257173658','可用','学生'),('2015212211045','王一博','123456','女','bS_3oel88b@163.com','15968810957','可用','学生'),('2015212211046','梁芝恩','123456','女','Nb1x6CxeJL99@hotmail.com','18606532991','可用','学生'),('2015212211047','耿修江','123456','男','cb0Ank@163.com','13033614836','可用','学生'),('2015212211048','李春凤','123456','男','73F9WfT@163.com','15658147684','可用','学生'),('2015212211049','伍思洁','123456','女','e7yLj2c1@hotmail.com','13588826225','可用','学生'),('2015212211050','丁勇','123456','男','i4mL_Acmz903M2@hotmail.com','13023693606','可用','学生'),('2015212211051','郭睿','123456','男','49bbqE2Y@yeah.com','13750879628','可用','学生'),('2015212211052','郭晓蓓','123456','男','1xIP6PrkK2@gmail.com','18758177011','可用','学生'),('2015212211053','范星梦','123456','男','0_mIdQINr87KWr@yeah.com','13958099493','可用','学生'),('2015212211054','郁杰','123456','女','0xgF2VX9dbfo94@yeah.com','15924125761','可用','学生'),('2015212211055','陈淑赟','123456','女','EawwWjShV@gmail.com','15355436431','可用','学生'),('2015212211056','顾科鑫','123456','男','EIsEe146Bv7vZ7v5VX@gmail.com','13800587053','可用','学生'),('2015212211057','施诗妍','123456','女','KHn3O3011g8ENm@hotmail.com','13148491192','可用','学生'),('2015212211058','章宁','123456','男','_2T44y4TMk5@139.com','15158003983','可用','学生'),('2015212211059','方强','123456','男','tJ7AW5zaU52GiG@gmail.com','13282813483','可用','学生'),('2015212211060','朱坤轩','123456','女','E5O4SU5OD64vES2Ou@126.com','14724693187','可用','学生'),('2015212211061','金彤','123456','男','msHubn@163.com','18267147506','可用','学生'),('2015212211062','吴嘉杰','123456','女','575cyh3gtM4wOAe@gmail.com','15356687055','可用','学生'),('2015212211063','李英杰','123456','女','72Cs091p93XPz5c6y@126.com','15957199206','可用','学生'),('2015212211064','丁天奇','123456','女','IpXPgU8dbc@126.com','13306521834','可用','学生'),('2015212211065','方政聪','123456','男','khvUTF4At97ieSRE@163.com','18967149198','可用','学生'),('2015212211066','刘志强','123456','男','JI81_5Zy3dn34w2@hotmail.com','15167129956','可用','学生'),('2015212211067','刘淑婷','123456','女','6kOX4p5xi@139.com','14757140668','可用','学生'),('2015212211068','徐芯蕊','123456','女','tTPPTJ40b50@hotmail.com','15057109289','可用','学生'),('2015212211069','肖志强','123456','男','2jl0azx1@hotmail.com','14724088404','可用','学生'),('2015212211070','范佳乐','123456','男','kJ2Yah0vlyxF0J9HVJ@gmail.com','13758158567','可用','学生'),('2015212211071','杨帆','123456','女','1M3O__LUKG3O1@gmail.com','13093773949','可用','学生'),('2015212211072','姜钰莹','123456','女','76W61CGgNQ2@yeah.com','13375810848','可用','学生'),('2015212211073','刘慧','123456','女','5y9gwcrP7tXo4xV085@yeah.com','18989819138','可用','学生'),('2015212211074','董颖','123456','男','bFX_e1AM@hotmail.com','13616535897','可用','学生'),('2015212211076','张保龄','123456','女','6qhnNqaCu3803LK6@139.com','13023614581','可用','学生'),('2015212211077','汪娅','123456','男','1058vf2RNzm7FZIg@hotmail.com','13064720934','可用','学生'),('2015212211079','王志文','123456','女','VCRled8@hotmail.com','13958043471','可用','学生'),('2015212211080','张伟康','123456','男','teygmsf4rX@hotmail.com','13675835362','可用','学生'),('2015212211081','它娜·阿合买提','123456','女','T424gP@163.com','14757008388','可用','学生'),('2016210308009','陈俊卿','123456','男','q2o4EwI@hotmail.com','13456727244','可用','学生'),('2016210401001','叶瑞滨','123456','女','UD1duHu5B8Bu@126.com','18969030517','可用','学生'),('2016210401002','林志伟','123456','男','MRdR2kcy9ll94ev2k@163.com','15067103764','可用','学生'),('2016210401003','吴百惠','123456','男','JWM255Qsqt4r@139.com','13454169946','可用','学生'),('2016210401004','周桢定','123456','男','M9YWR228c9hlT1eV@gmail.com','13185095906','可用','学生'),('2016210401005','张雨晨','123456','女','9K2H6FKon86fAcJ@139.com','18858516498','可用','学生'),('2016210401006','胡芷琦','123456','男','2vMVT7HP@gmail.com','13868069387','可用','学生'),('2016210401007','徐佳怡','123456','女','B6l9Vy@163.com','15168326905','可用','学生'),('2016210401008','陈媚','123456','女','G8hL4pqAGw8@163.com','13868180658','可用','学生'),('2016210401009','林雅','123456','男','8BAEB826xHtJQL@hotmail.com','18968133027','可用','学生'),('2016210401010','徐炫挺','123456','男','hi2z4Fhc14x@gmail.com','15669470016','可用','学生'),('2016210401011','王雨欣','123456','男','cv0awpTIPkQ@139.com','13291869772','可用','学生'),('2016210401012','叶雨欣','123456','女','a1H4YZlQ8k@139.com','15669401319','可用','学生'),('2016210401013','唐旭栋','123456','男','vsXy3Qa3Pr4z49LVq6@gmail.com','13033605302','可用','学生'),('2016210401014','徐秦婷','123456','男','9I9a8HWbbk8xk27o@gmail.com','14724458942','可用','学生'),('2016210401015','罗娟','123456','男','05n6DOl19J@126.com','13634119397','可用','学生'),('2016210401016','黄君钏','123456','男','M24E69bPwE@139.com','18868717676','可用','学生'),('2016210401017','黄文学','123456','女','wlf3u_eQn2d5uBd9ZA@yeah.com','13173675024','可用','学生'),('2016210401018','叶露','123456','女','rF4nmW370_s9f5@hotmail.com','13248452992','可用','学生'),('2016210401019','顾颖爽','123456','女','iKhM8Z@139.com','13291427351','可用','学生'),('2016210401020','徐迦勒','123456','男','9piV4TSLhZ6Sea2h@139.com','18606509288','可用','学生'),('2016210401021','郑琳','123456','女','E_wTIOpxg@139.com','18969124881','可用','学生'),('2016210401022','胡凯','123456','男','421I4xNo8x3s6K@163.com','15990055005','可用','学生'),('2016210401023','陈乐依','123456','男','2V7vo2Oa78U6EB@139.com','15558097959','可用','学生'),('2016210401024','郭孝雯','123456','女','6E3BK6Kv@163.com','13362111936','可用','学生'),('2016210401025','靳心雨','123456','女','6jR85x8xb7@126.com','15158843444','可用','学生'),('2016210401026','陈娟','123456','男','V6f_S69T8IVpQB2xI@163.com','13282100335','可用','学生'),('2016210401027','李佳文','123456','女','DcM2qGnIhLI_gtHp8@139.com','13282830688','可用','学生'),('2016210401028','张潇雪','123456','女','4C0WjA9P8US0i76@gmail.com','15858245151','可用','学生'),('2016210401029','蔡百容','123456','女','Bj7r2SG@139.com','13735511121','可用','学生'),('2016210402001','吴熙林','123456','男','2gI3K05gdZHxk@163.com','15158884271','可用','学生'),('2016210402002','关煜玮','123456','女','n1VhnjxSBYm@gmail.com','14724440771','可用','学生'),('2016210402003','宋杰','123456','男','WO0O4OuTmSKK@163.com','13968021205','可用','学生'),('2016210402004','杜迁','123456','男','K71KDz33iM@gmail.com','15906817371','可用','学生'),('2016210402005','张颖','123456','女','vhU8sa8f5@139.com','13248420342','可用','学生'),('2016210402006','邱星宇','123456','男','x94Qx9GV25@139.com','13750806096','可用','学生'),('2016210402007','蒋祥','123456','男','gfod3h1u6okCZMWdOr@yeah.com','15224043096','可用','学生'),('2016210402008','郭萱','123456','女','4s4Z5fAslPP5fN@139.com','13486139213','可用','学生'),('2016210402009','潘伊妮','123456','女','dc98b6B@hotmail.com','13634142247','可用','学生'),('2016210402010','吴思楚','123456','女','Tul9oXVFg@hotmail.com','18658161552','可用','学生'),('2016210402011','姜鹏飞','123456','男','o1epVg1mvdBuW@126.com','18989880098','可用','学生'),('2016210402012','陈嘉南','123456','女','ifXqc95qzx5@gmail.com','15924131001','可用','学生'),('2016210402013','应仁豪','123456','男','DS_RxjI2@gmail.com','13968117978','可用','学生'),('2016210402014','吴梦婷','123456','男','wyUKx6@hotmail.com','15557110511','可用','学生'),('2016210402015','何熹','123456','男','Lpqvw8c@163.com','15067184659','可用','学生'),('2016210402016','汤晓倩','123456','男','DYnW5Yc@gmail.com','18758207517','可用','学生'),('2016210402017','杜俞杰','123456','女','Lnm8NKu1S@yeah.com','15857132704','可用','学生'),('2016210402018','朱晨静','123456','男','OCm77kjbPKeg5EL@163.com','18258487883','可用','学生'),('2016210402019','王辉','123456','女','87C3521SHR@gmail.com','15024412975','可用','学生'),('2016210402020','陈海烽','123456','女','TkLHjz9vL6o@hotmail.com','18868788913','可用','学生'),('2016210402022','麻晓聪','123456','女','78F8qm9UYrf@hotmail.com','13456865285','可用','学生'),('2016210402023','赵周','123456','男','8I6h49bnDj6L1@126.com','15669496921','可用','学生'),('2016210402024','张珍','123456','男','a1sXWPAcXG2u1I@126.com','15024461774','可用','学生'),('2016210402025','朱锡能','123456','女','DbQCEiavMXbk@yeah.com','13516858666','可用','学生'),('2016210402026','张琼','123456','男','902N5yl@yeah.com','15267490121','可用','学生'),('2016210402027','王琛','123456','女','65978IZ8fao@hotmail.com','13003622098','可用','学生'),('2016210402028','许罗军','123456','女','346Kdvxu78J@139.com','15306539488','可用','学生'),('2016210402029','项银伟','123456','女','8mm30nXZv3xj8Yv9h@163.com','18969152076','可用','学生'),('2016210402030','于晨','123456','男','5tbzEi1v6@yeah.com','13372554756','可用','学生'),('2016210402031','董江涛','123456','男','_56Oth0uzPH3QsQE0@yeah.com','15558155256','可用','学生'),('2016210402032','毛扬军','123456','男','G1R41_Ady11vW@hotmail.com','15857157308','可用','学生'),('2016210402033','于化鹏','123456','女','dI4l1CII@yeah.com','15325710238','可用','学生'),('2016210402034','周圣洁','123456','女','_my5mTxdU57r_u@139.com','13454197797','可用','学生'),('2016210402035','王继楠','123456','男','JTQ9NhZ1UEy@yeah.com','13385712928','可用','学生'),('2016210402036','郭雪竹','123456','女','99mzjJQPAZM@gmail.com','15058102122','可用','学生'),('2016210402038','曹廷','123456','女','xkeq4hG3PO1b8c4t@gmail.com','13372538841','可用','学生'),('2016210402039','郝丹溪','123456','女','xivcdVm@gmail.com','15157159028','可用','学生'),('2016210402040','徐素','123456','男','qTM9Z5QaSLvj@139.com','18757553961','可用','学生'),('2016210402041','胡玲洁','123456','女','3x5kAxm6977KU@163.com','15606538688','可用','学生'),('2016210402043','叶冰洁','123456','女','B4kt4i7Li2u8EC7k@126.com','15867122543','可用','学生'),('2016210402044','王熠','123456','女','tkqG27@yeah.com','15157123576','可用','学生'),('2016210402045','贾博远','123456','男','azsQTERzsh@126.com','13067780178','可用','学生'),('2016210402046','赵林燕','123456','男','J1SsE5A8k@126.com','13735465543','可用','学生'),('2016210402047','刘亚茹','123456','男','523HIUeSIUsjkES@hotmail.com','13429685486','可用','学生'),('2016210402048','徐航','123456','男','Bpnws4@126.com','15258862072','可用','学生'),('2016210402049','李婷','123456','男','hRB58i0NhXV2Yzh@hotmail.com','18857153588','可用','学生'),('2016210402050','王楚轩','123456','男','8mkvzu@126.com','14522412598','可用','学生'),('2016210402051','陈光耀','123456','女','3hSKi4I82N3@hotmail.com','13388610874','可用','学生'),('2016210402052','张圆','123456','女','BSnQTgSTf7UsK@gmail.com','13858167987','可用','学生'),('2016210402053','朱穆朗玛','123456','男','to9D6LJmPtOtyeP3H1@126.com','13777834333','可用','学生'),('2016210402054','黄江鹏','123456','男','448v8kbN1W6y7m01@hotmail.com','15868127148','可用','学生'),('2016210402055','程琳璐','123456','女','6vyjU8OC5vO08A4uq@139.com','15268154029','可用','学生'),('2016210402056','吴蓉','123456','男','_jUZBv7Cd4F@hotmail.com','13646820891','可用','学生'),('2016210402057','王媛媛','123456','女','XrLualINZ80lsSn4Q@yeah.com','13175091624','可用','学生'),('2016210402058','魏蒙','123456','男','2UQIxsxHJgRSs@163.com','13454447087','可用','学生'),('2016210402059','俞淑敏','123456','男','4uJW_4fb@hotmail.com','15224050562','可用','学生'),('2016210402060','金逸斌','123456','女','Aj2ANVfghGlyqx3i@126.com','13123911608','可用','学生'),('2016210402061','吴银杰','123456','女','OOV86rUGali@163.com','13967128819','可用','学生'),('2016210402062','汪平','123456','男','188B9@hotmail.com','13093745826','可用','学生'),('2016210402063','陈逸璇','123456','女','fEiJ57eSWULash@126.com','13805748222','可用','学生'),('2016210402064','陈宇航','123456','女','qnU8wBD7XV5_TPq@yeah.com','14724995489','可用','学生'),('2016210402065','陈晗','123456','女','iHN5vVeZUQHZw@139.com','18858175562','可用','学生'),('2016210402066','吴琦东','123456','男','a096iOtgVmwOxI4iTv@yeah.com','18606718774','可用','学生'),('2016210402067','潘璟','123456','女','2NgaH3@gmail.com','15605714082','可用','学生'),('2016210402068','吴宁涛','123456','女','Xgyt8imu3oEPj@hotmail.com','13250816129','可用','学生'),('2016210402069','王梓颍','123456','女','L2rDmD@126.com','14724243292','可用','学生'),('2016210402070','沈晓婷','123456','女','Or5uCO3yx49563MXR@yeah.com','13047624137','可用','学生'),('2016210402071','胡文彬','123456','女','NsCwOI7hq0@126.com','13758225606','可用','学生'),('2016210402072','吴钰鹏','123456','男','Z66q14@yeah.com','18758072494','可用','学生'),('2016210402073','黄红燕','123456','男','kJ5x3YEdQ9N@yeah.com','13634176256','可用','学生'),('2016210402074','王林冬','123456','男','Mf9UFI8@163.com','15005714136','可用','学生'),('2016210402075','詹万年','123456','女','_S7VdHQ8l@hotmail.com','15306555221','可用','学生'),('2016210402076','郭亚杰','123456','女','cxmnoiJjWQeGg2@hotmail.com','13148318081','可用','学生'),('2016210402077','郑源洪','123456','男','biS0pTMf6Hi40@yeah.com','13588068759','可用','学生'),('2016210402078','乐璟曦','123456','男','zy52EU7jpKrOhhb0i@139.com','18868740055','可用','学生'),('2016210402079','包雨萌','123456','女','3d21XsGOu3Xlp@gmail.com','15857173753','可用','学生'),('2016210402080','张静','123456','女','6SBRTUooONVe@139.com','13372522059','可用','学生'),('2016210402081','刘嘉欢','123456','男','Af83irMjZ@gmail.com','15857162654','可用','学生'),('2016210402082','罗静','123456','女','ITuXUHOPt63tT0fx@163.com','13456872994','可用','学生'),('2016210402083','古丽娜尔·巴拉提','123456','女','zm92Y4x8DRevBm6x4@gmail.com','13282025164','可用','学生'),('2016210402084','高慧慧','123456','女','5J1w6AHCG2oMT3Wdr@yeah.com','18969058907','可用','学生'),('2016210402085','陈亮锜','123456','女','8U3dSZv15HDJt@163.com','15067198322','可用','学生'),('2016210402086','曹佳莹','123456','女','Fol953451EZsUZ0y_@yeah.com','13251008282','可用','学生'),('2016210402087','陈佳媚','123456','女','ssc9fb7D@gmail.com','18967164583','可用','学生'),('2016210402088','霍雨佳','123456','男','gPB8t2sEMEw98JaKh@126.com','15067125942','可用','学生'),('2016210402089','王利青','123456','男','B4w_1vzuuos@163.com','18806527908','可用','学生'),('2016210402090','郑天佑','123456','男','obU18A08p6E99P@hotmail.com','13107749152','可用','学生'),('2016210402091','盛晓晴','123456','女','qv2F02h7PwR@139.com','18258185509','可用','学生'),('2016210402092','邱天','123456','女','1kk2brj9ZP5@yeah.com','15988156266','可用','学生'),('2016210402093','徐伟踊','123456','男','otLv7iWD_A@yeah.com','13750812064','可用','学生'),('2016210402094','蒋娇利','123456','男','knp585a8O4K@yeah.com','13003610982','可用','学生'),('2016210402095','宋轶雯','123456','女','fZFgRHr@gmail.com','15658099936','可用','学生'),('2016210402096','许佳丽','123456','男','K7JNTc@163.com','15557125233','可用','学生'),('2016210402097','洪成杭','123456','男','UFMuJjGwI4Q7ZJEbju@126.com','13486179228','可用','学生'),('2016210402098','陈敢','123456','女','27ZNKz475Fb6ET5D@163.com','13186953515','可用','学生'),('2016210402100','范耿诚','123456','女','12KQYY5Wdr@gmail.com','15957128006','可用','学生'),('2016210402101','周文渊','123456','男','s5gNyIwXYNRNkSJoI6@163.com','15958112002','可用','学生'),('2016210402102','黄雨涛','123456','男','5rBGYR0ciO1@hotmail.com','15336512567','可用','学生'),('2016210402103','李晨璇','123456','男','9PV9GiMOD@163.com','13656713018','可用','学生'),('2016210402104','徐烨雯','123456','男','J8LwEMmqL5o@gmail.com','13685754912','可用','学生'),('2016210402105','张卓辉','123456','男','f4l0AOhm3dd@126.com','18989807817','可用','学生'),('2016210402106','冯寅恺','123456','男','TLmheyzfVi86_x@hotmail.com','13184246296','可用','学生'),('2016210402108','汤馨洱','123456','女','60mW7r1S16bO@139.com','13868147352','可用','学生'),('2016210402109','裘心语','123456','女','X4z0ta65SX5@126.com','13282410369','可用','学生'),('2016210402110','王泽宇','123456','女','iyTW9460dN4T@gmail.com','15355415046','可用','学生'),('2016210402111','董佳晨','123456','女','oW0fVKZo9LA@hotmail.com','13806500409','可用','学生'),('2016210402113','韩金铭','123456','女','2CbOzqv2RYjO2J45nR@163.com','15306816568','可用','学生'),('2016210402115','卜梦丹','123456','男','T1psH9Efx10y27Mww@gmail.com','13454458707','可用','学生'),('2016210402116','鲁赛飞','123456','女','4JLH5fPdAduD367TC@139.com','15314666405','可用','学生'),('2016210402117','曹晶晶','123456','男','WelyzJ9uduaQp@hotmail.com','18258220085','可用','学生'),('2016210402118','管明艳','123456','男','3CO3WuX@gmail.com','13675878973','可用','学生'),('2016210402119','王艺蓉','123456','男','07CmfHNp46cqz8c@139.com','13735810082','可用','学生'),('2016210402120','陆玥辛','123456','男','SvQmVBEP9mM2c@yeah.com','15967199121','可用','学生'),('2016210402121','王心逸','123456','女','6XpOFbme5dT@hotmail.com','13456893116','可用','学生'),('2016210402122','马天真','123456','男','i_tKUKqc4@139.com','18969946368','可用','学生'),('2016210402123','王鹤润','123456','男','Mfu2NZYO@126.com','13868050682','可用','学生'),('2016210402124','杨松翰','123456','女','FFx3vo9W@gmail.com','13357101701','可用','学生'),('2016210402125','王思淳','123456','女','EvDdO0JgKYZQ5O34d@126.com','15268100173','可用','学生'),('2016210402126','付玉莹','123456','女','baIVp42F9@gmail.com','15268812097','可用','学生'),('2016210402127','师小媛','123456','女','tSPh1z8F@126.com','13291890839','可用','学生'),('2016210402129','苏比努尔·麦合木提','123456','女','m8gL22a42vkUc@gmail.com','13067914516','可用','学生'),('2016210402130','买日帕提·阿地力','123456','女','gWWnfY@126.com','15336599926','可用','学生'),('2016210402131','阿衣扎达·依布拉依','123456','女','nuEIqxI8R18j0@hotmail.com','15658898299','可用','学生'),('2016210405001','张权威','123456','男','V7NmTMyoHFFSk@hotmail.com','13588135672','可用','学生'),('2016210405002','张鑫','123456','女','O54rhN6180qzL0@163.com','13900666697','可用','学生'),('2016210405003','邹凯旋','123456','女','WESr730E9@gmail.com','18705815283','可用','学生'),('2016210405004','张文迪','123456','男','1aUKZ1Vx9Ke48@126.com','15355710435','可用','学生'),('2016210405005','赵晨婷','123456','女','Ruok0uzD7Zo@163.com','18258818567','可用','学生'),('2016210405006','周昊成','123456','男','pvcHFy0LN89F9FR@yeah.com','15988426756','可用','学生'),('2016210405007','吴兴河','123456','女','lVE17RBS@139.com','15658060565','可用','学生'),('2016210405008','余序宜','123456','男','3R5P9Lav4oLI@139.com','15824405484','可用','学生'),('2016210405009','江艺璇','123456','女','L37dgRa491SuB@yeah.com','14724738633','可用','学生'),('2016210405010','黄文俊','123456','女','9VFaxF17aBWc17M39E@gmail.com','18258156623','可用','学生'),('2016210405011','张吉锋','123456','男','EFOf1mWRyi@gmail.com','15068110537','可用','学生'),('2016210405013','毛泽涛','123456','男','M83Dg9@yeah.com','13216123218','可用','学生'),('2016210405014','蒋巨锋','123456','男','7rTPhf@gmail.com','18966159388','可用','学生'),('2016210405016','张立辉','123456','男','WVvtG3eG2v_tAnH0K@gmail.com','15669964349','可用','学生'),('2016210405017','黄雍栋','123456','男','DF9ymME9@hotmail.com','13575765323','可用','学生'),('2016210405018','项延发','123456','女','7S5381nQc@yeah.com','13184213597','可用','学生'),('2016210405019','缪立杰','123456','女','FMQrSyhoqA3vj@hotmail.com','13346164062','可用','学生'),('2016210405020','陈再捷','123456','女','4K418cWR_dtI8wBc@163.com','15824166044','可用','学生'),('2016210405021','陈茸茸','123456','男','1UeBzQ@139.com','13968007441','可用','学生'),('2016210405022','娄瑶迪','123456','男','WgAzVk5BV2AZT@yeah.com','15824106498','可用','学生'),('2016210405023','孟欣','123456','男','0TMQEN8Ry2CbGY5L@163.com','18969962834','可用','学生'),('2016210405024','蒋铿','123456','女','2RPgZBICAb@gmail.com','15268177043','可用','学生'),('2016210405026','陈双宇','123456','男','a57J_W59zq5@gmail.com','13656689521','可用','学生'),('2016210405027','陈哲野','123456','女','sZVWnlA2B37t14M2s@163.com','13456753184','可用','学生'),('2016210405028','揭晓文','123456','男','LWD_xxiv@139.com','15658004544','可用','学生'),('2016210405029','王邵赟','123456','女','HiQbm64h3rH6yC@163.com','18868859329','可用','学生'),('2016210405030','宋奕','123456','男','2ox1cfdk4vv472@yeah.com','15657128485','可用','学生'),('2016210405031','高伟豪','123456','女','_3DW2vh34E@gmail.com','13606603246','可用','学生'),('2016210405032','陈文菲','123456','女','9Z4QHpvcJz7a9Yet8@gmail.com','13173696334','可用','学生'),('2016210405033','张凯庆','123456','女','1z9uYSKnTEeW@hotmail.com','13735401131','可用','学生'),('2016210405034','贺文涵','123456','男','OMG8VLC3jsP8S@139.com','15268806435','可用','学生'),('2016210405035','高志丹','123456','女','2140v12@gmail.com','13805714606','可用','学生'),('2016210405036','杨栩','123456','女','ay0BWg5JllQ@yeah.com','18757133203','可用','学生'),('2016210405037','付朝燕','123456','男','NwFOn0Ms45YdM@yeah.com','13255810367','可用','学生'),('2016210405038','陈兴通','123456','女','or0n141H_g4Jmv@163.com','15224068049','可用','学生'),('2016210405039','姚思杞','123456','男','Fi1VW5NWO0h@gmail.com','18258289872','可用','学生'),('2016210405041','张祥','123456','男','LXTDJAc_AA8mc@yeah.com','15068795618','可用','学生'),('2016210405042','齐聪聪','123456','女','u47TVlH@gmail.com','15356639176','可用','学生'),('2016210405043','罗淳','123456','男','q8w0DF960b@yeah.com','13758128389','可用','学生'),('2016210405044','马海强','123456','男','z82sb15vldMqvp@hotmail.com','18868793371','可用','学生'),('2016210405045','王胤凯','123456','男','V17r6A3w@139.com','18868767417','可用','学生'),('2016210405046','张凡','123456','女','05G4Nt70mIRp8@126.com','13858191005','可用','学生'),('2016210405047','周渊博','123456','女','k5RSDw8nUy41H0qsy@gmail.com','14724867902','可用','学生'),('2016210405048','祝夏云','123456','女','APRUxr@139.com','13606705615','可用','学生'),('2016210405049','梅思远','123456','男','67VFBfQrs4@163.com','18989872878','可用','学生'),('2016210405050','叶艳洁','123456','男','ie4NZqYamz3HD5@126.com','15355462512','可用','学生'),('2016210405051','徐鑫雨','123456','女','vH681qX9Mp4F858lQ@163.com','13858147188','可用','学生'),('2016210405052','孔昊东','123456','男','AK9dUBkVT9tgCW@gmail.com','15715742348','可用','学生'),('2016210405053','李博乐','123456','女','hAOrnv@139.com','13396505852','可用','学生'),('2016210405054','陶娣','123456','男','olIYvRLLftGW6@126.com','15168273968','可用','学生'),('2016210405055','吴震','123456','男','TyfbmAFz2DHz@yeah.com','13735869185','可用','学生'),('2016210405056','程广友','123456','女','c24r5b74zh@139.com','15500393618','可用','学生'),('2016210405057','章薇','123456','男','sj13D3M9Myrki6@126.com','13575483223','可用','学生'),('2016210405058','王鑫','123456','男','jJI5n66jGyG@hotmail.com','15168349866','可用','学生'),('2016210405059','陈其快','123456','女','BsEwJq6X7v@126.com','13957173934','可用','学生'),('2016210405060','杨德杰','123456','女','NfMX_7J3bhIoTkf@yeah.com','18958002821','可用','学生'),('2016210405062','陈铭璇','123456','女','uXhsG9Sx@yeah.com','15669909633','可用','学生'),('2016210405063','郑柳','123456','女','L2pO1ufn74XI6Uz8@163.com','18758163145','可用','学生'),('2016210405064','李帆顺','123456','女','V0nXm18PuIQ@126.com','18905810105','可用','学生'),('2016210405065','李伊宁','123456','女','2KD97k0@126.com','14724708933','可用','学生'),('2016210405067','干臻原','123456','女','0_B4WM2orFl@163.com','18858146539','可用','学生'),('2016210405068','钱根','123456','女','5rmU651znequ@gmail.com','15158059657','可用','学生'),('2016210405069','顾晨俊','123456','女','04FCrGJGTqwRUqw3@hotmail.com','13735509198','可用','学生'),('2016210405070','张承成','123456','男','108QKK4On@163.com','13071887093','可用','学生'),('2016210405072','周威炜','123456','女','HPycm98ivY7ea@yeah.com','18757112058','可用','学生'),('2016210405073','任亚伟','123456','女','hS15v5Zm9Rv8w2gJ03@gmail.com','15306585658','可用','学生'),('2016210405074','万峰','123456','男','RqCKEuHlNPP7f6@gmail.com','15724981189','可用','学生'),('2016210405075','吴佳琪','123456','男','6Eh2bki@139.com','15958004672','可用','学生'),('2016210405076','彭艳','123456','女','EmtUugH@gmail.com','13857152276','可用','学生'),('2016210405077','谢强','123456','男','PUthqSPLVmbsW@139.com','13335813876','可用','学生'),('2016210405078','王绎朝','123456','男','hwMAdVV73@139.com','13666675464','可用','学生'),('2016210405079','陈贵婷','123456','女','5m2jbeO2hBRJaovKZ@163.com','15306506155','可用','学生'),('2016210405080','陈豪','123456','女','ckv4urJj30X@126.com','18969045201','可用','学生'),('2016210405081','王秸','123456','男','HKL0YlNeAp9fzR@hotmail.com','15868180455','可用','学生'),('2016210405082','米尔阿地里·托合提','123456','女','ZJw49QDrL7O@163.com','18858278835','可用','学生'),('2016210904018','李道瑞','123456','女','Zuwn7a8y5y9Z7kG@126.com','13336175775','可用','学生'),('2016212211002','王晨阳','123456','男','uXSw019u8LVsbBH@126.com','15158076117','可用','学生'),('2016212211003','李紫璇','123456','男','kV8L1TtM81Si2o1@139.com','13116741392','可用','学生'),('2016212211004','尤晟仰','123456','女','41Gal575d4wiU8@126.com','13456927026','可用','学生'),('2016212211005','周紫玲','123456','女','t2xzj7HW@163.com','15658198811','可用','学生'),('2016212211006','唐子棋','123456','女','81is7Brfhsn26g@hotmail.com','15257187552','可用','学生'),('2016212211007','何子欣','123456','女','xc6dhiiFt64s8@hotmail.com','13083957448','可用','学生'),('2016212211008','徐学燕','123456','男','8jDv35WBgg5Mp@yeah.com','13819193967','可用','学生'),('2016212211009','张艳','123456','男','g8bQq2@gmail.com','18989850175','可用','学生'),('2016212211010','汪昊阳','123456','男','si87jYPI@gmail.com','18857177895','可用','学生'),('2016212211011','杨一卓','123456','男','04KXW2@139.com','15355049656','可用','学生'),('2016212211012','何文欣','123456','女','rCpheGyF5k@yeah.com','15990126068','可用','学生'),('2016212211013','张志','123456','女','ec6i7Bog5sCel7hBq@yeah.com','13989839906','可用','学生'),('2016212211014','崔宇航','123456','男','jirYuaRoH@126.com','15669040151','可用','学生'),('2016212211015','褚文泽','123456','女','QKvxQ2oju5Rv_@gmail.com','15968141387','可用','学生'),('2016212211016','陈琼芳','123456','女','EUo9dN23SLY2@gmail.com','13515719912','可用','学生'),('2016212211017','徐苑露','123456','男','TcY8ri6Adg@gmail.com','13083980505','可用','学生'),('2016212211018','刘子鑫','123456','男','W2muk8iKykOs@139.com','15500345199','可用','学生'),('2016212211019','陈小东','123456','男','JKQmRHIrtoxgM@139.com','15058138551','可用','学生'),('2016212211020','陈上楠','123456','男','dsqoq6T7hUB@126.com','13165994641','可用','学生'),('2016212211021','田佳昀','123456','女','mfTyhW@yeah.com','13588257616','可用','学生'),('2016212211022','翟佳欣','123456','男','zPrUzpP6qc7HkCM@gmail.com','15058128113','可用','学生'),('2016212211023','王逸翔','123456','男','1xR9Q4sGFQmrTHsf@gmail.com','13968088726','可用','学生'),('2016212211024','任芸','123456','男','wKpr1k7m@163.com','13456702645','可用','学生'),('2016212211025','季节','123456','男','903mrx@hotmail.com','13757109004','可用','学生'),('2016212211026','胡馨之','123456','女','_1Bjzz_O7O92@163.com','13806524314','可用','学生'),('2016212211027','陈晓鹏','123456','女','6sk70WMTIs1@hotmail.com','15558102797','可用','学生'),('2016212211029','徐楚臻','123456','女','5DxPiuWK@yeah.com','13291889643','可用','学生'),('2016212211030','李炯军','123456','男','IXR1KVa26J72K35Pl2@126.com','13083994334','可用','学生'),('2016212211031','金嘉辉','123456','男','EXluoqyz88_zs@163.com','15168437128','可用','学生'),('2016212211032','王永鑫','123456','男','ua8vqNmEmVQk1l@139.com','18767174333','可用','学生'),('2016212211033','郑家宝','123456','男','H7FFI4YnG5@yeah.com','15868888687','可用','学生'),('2016212211034','热依拉木·买买提','123456','男','7tEmweztz6CgwAMe@139.com','13685795951','可用','学生'),('2016212211035','李倩','123456','男','D7oadgcj30H6E@139.com','13735415228','可用','学生'),('2016212211036','彭磊','123456','女','bfWQxWFa8n7Oy1@yeah.com','13626712736','可用','学生'),('2016212211037','李茂联','123456','女','EWr6FyXVk@126.com','18258838529','可用','学生'),('2016212211038','姚琛琪','123456','女','5OwNqpZOH0P8@hotmail.com','18267183387','可用','学生'),('2016212211040','林君伟','123456','女','5_SL7j@hotmail.com','13456766649','可用','学生'),('2016212211041','刘跃','123456','男','jZAFoE@yeah.com','15088799155','可用','学生'),('2016212211042','刘雅岚','123456','女','HgMIBfLQvy@hotmail.com','13082829384','可用','学生'),('2016212211043','汪猛','123456','女','71Nm5Lxa@hotmail.com','13116781875','可用','学生'),('2016212211044','胡小蝶','123456','女','OtR6EWh9gQU_Z1tk@hotmail.com','15858206113','可用','学生'),('2016212211046','丁功春','123456','女','2NFGdcl5Un@163.com','13221084113','可用','学生'),('2016212211047','朱荣','123456','男','DiQjwXAMWYYa7n@yeah.com','13588713212','可用','学生'),('2016212211048','王玥','123456','男','0DJZwk5Z3SOZl@126.com','15158868957','可用','学生'),('2016212211049','杨顺有','123456','女','j3tr092@163.com','13216104866','可用','学生'),('2016212211050','王睿红','123456','女','6XavzHs0a@139.com','15868420535','可用','学生'),('2016212211051','杨智闻','123456','女','6z0WYtQ_b692@yeah.com','18858168536','可用','学生'),('2016212211052','孙斓桠','123456','女','i7pmNMWmubF7CB@126.com','13355785894','可用','学生'),('2016212211053','王威','123456','女','pt_JYn4N6VmDOsj@163.com','15990130742','可用','学生'),('2016212211054','李超','123456','男','WyYgGYOrw@yeah.com','13967119985','可用','学生'),('2016212211055','叶凯航','123456','女','F2SC_dLGoYmplaq@yeah.com','15314687002','可用','学生'),('2016212211056','韦昌宏','123456','男','h58nNeM16s7@126.com','13758296933','可用','学生'),('2016212211057','刘兰敏','123456','男','UPhZICkiLM2czFC@163.com','15724976964','可用','学生'),('2016212211058','张钧浩','123456','女','FWBz4eOMM97Y7o0M@139.com','13588295595','可用','学生'),('2016212211059','陈鸿历','123456','女','19HOnpcn55Czwde3F@126.com','18768440506','可用','学生'),('2016212211060','李泽恒','123456','女','HXUBGD9DR@yeah.com','15868827257','可用','学生'),('2016212211061','王科智','123456','女','o3l2A902HSXzj1@163.com','14724712643','可用','学生'),('2016212211062','冯馨莹','123456','男','YYs55qzP1P5@126.com','13567191984','可用','学生'),('2016212211063','杨日洁','123456','女','1Z47g0aRBO0n5dc0@yeah.com','13362192039','可用','学生'),('2016212211064','刘春江','123456','女','H3eGG2IK6aAEi5v2@139.com','15924108918','可用','学生'),('2016212211065','刘思辰','123456','男','v4H53k3a3XdqN9Eh0@gmail.com','13047604974','可用','学生'),('2016212211066','于乔侃','123456','男','Yq8F5mcqD_4VEA1@163.com','15869041078','可用','学生'),('2016212211067','邱飚','123456','男','I9p61y1Go7H2lM@yeah.com','13336182191','可用','学生'),('2016212211069','郑叶虎','123456','男','fcWDih3JcGcw4@126.com','13175131849','可用','学生'),('2016212211070','田家钏','123456','男','1FfrKLSOnWxU@163.com','15858218761','可用','学生'),('2016212211071','张嘉盛','123456','女','C11Zvi@139.com','15715781772','可用','学生'),('2016212211072','杨剑','123456','男','GzxjYj@yeah.com','15869131191','可用','学生'),('2016212211075','阿依尼哥尔·克依木','123456','女','1956JvGMBhec8r3@126.com','13175076994','可用','学生'),('2016212211076','曾若云','123456','男','YyaF7y3_@139.com','15167181903','可用','学生'),('2016212211077','万理','123456','女','ws8anwlYYn38Os7_@hotmail.com','13588474844','可用','学生'),('2016212211079','傅鑫','123456','男','yBqqeherdwzP5AE_2@yeah.com','15958158156','可用','学生'),('2016940000046','陈莉','123456','男','9jtVI41491az96Az@126.com','13123935929','可用','学生'),('2016940000047','何先','123456','女','_dr4jh9g4WoO@hotmail.com','14724890281','可用','学生'),('2016940000048','李海艳','123456','女','rxSOzLkfIuO5DsLM5@yeah.com','15157167727','可用','学生'),('2016940000049','郑梦','123456','女','wK3L3CkdN4@163.com','13805707199','可用','学生'),('2016940000060','邓高峰','123456','女','_5R311@126.com','13454117284','可用','学生');
/*!40000 ALTER TABLE `user` ENABLE KEYS */;
UNLOCK TABLES;

--
-- Table structure for table `user_identity`
--

DROP TABLE IF EXISTS `user_identity`;
/*!40101 SET @saved_cs_client     = @@character_set_client */;
/*!40101 SET character_set_client = utf8 */;
CREATE TABLE `user_identity` (
  `user_identity_name` varchar(20) NOT NULL,
  UNIQUE KEY `user_identity_name_UNIQUE` (`user_identity_name`)
) ENGINE=InnoDB DEFAULT CHARSET=utf8;
/*!40101 SET character_set_client = @saved_cs_client */;

--
-- Dumping data for table `user_identity`
--

LOCK TABLES `user_identity` WRITE;
/*!40000 ALTER TABLE `user_identity` DISABLE KEYS */;
INSERT INTO `user_identity` VALUES ('企业人员'),('学生'),('教师');
/*!40000 ALTER TABLE `user_identity` ENABLE KEYS */;
UNLOCK TABLES;
/*!40103 SET TIME_ZONE=@OLD_TIME_ZONE */;

/*!40101 SET SQL_MODE=@OLD_SQL_MODE */;
/*!40014 SET FOREIGN_KEY_CHECKS=@OLD_FOREIGN_KEY_CHECKS */;
/*!40014 SET UNIQUE_CHECKS=@OLD_UNIQUE_CHECKS */;
/*!40101 SET CHARACTER_SET_CLIENT=@OLD_CHARACTER_SET_CLIENT */;
/*!40101 SET CHARACTER_SET_RESULTS=@OLD_CHARACTER_SET_RESULTS */;
/*!40101 SET COLLATION_CONNECTION=@OLD_COLLATION_CONNECTION */;
/*!40111 SET SQL_NOTES=@OLD_SQL_NOTES */;

-- Dump completed on 2018-02-22  9:56:24
